index,name,n_rows,n_empty,empty_rate,n_distinct,n_distinct_nonempty,all_nonempty_match_decimal,all_nonempty_match_integer,min_decimal,max_decimal,n_negative,n_zero,n_with_leading_zero,n_with_leading_zero_any,min_len,max_len,is_constant,looks_unique,n_candidate_sentinel_values,top1_value,top1_count
0,OID_,62834,0,0.0,62834,62834,True,True,1,62834,0,0,0,0,1,5,False,True,0,1,1
1,Crossmodel,62834,0,0.0,62834,62834,False,False,,,,,,0,8,8,False,True,0,R025C371,1
2,NAME,62834,0,0.0,1770,1770,False,False,,,,,,0,3,21,False,False,0,Yukon-Koyukuk,2865
3,State,62834,7,0.00011140465353152751,50,49,False,False,,,,,,0,4,14,False,False,0,Alaska,10117
4,State_Abbr,62834,7,0.00011140465353152751,50,49,False,False,,,,,,0,2,2,False,False,0,AK,10117
5,hdd_hist,62834,0,0.0,59782,59782,True,False,2186.040039059999799,21814.199218750000000,0,0,,0,20,21,False,False,0,11938.000000000000000,4
6,hdd_rcp85_midc,62834,0,0.0,59063,59063,True,False,1746.020019529999900,20350.599609379998583,0,0,,0,20,21,False,False,0,10505.599609380000402,4
7,hdd_mid85_hist,62834,0,0.0,60113,60113,True,False,-3656.820068359999823,921.221984860000020,54149,0,,0,17,21,False,False,0,-1014.369995119999999,4
8,cdd_hist,62834,0,0.0,59633,59633,True,False,0.000000000000000,4923.200195309999799,0,1156,,0,17,20,False,False,1,0.000000000000000,1156
9,cdd_rcp85_midc,62834,0,0.0,59616,59616,True,False,0.000000000000000,5942.660156250000000,0,762,,0,17,20,False,False,1,0.000000000000000,762
10,cdd_mid85_hist,62834,0,0.0,60214,60214,True,False,-1.615849970000000,1125.520019529999900,108,757,,0,17,20,False,False,0,0.000000000000000,757
11,noprecip_hist,62834,6938,0.11041792660024827,259,258,True,False,7.333330150000000,98.000000000000000,0,0,,0,17,18,False,False,0,,6938
12,noprecip_rcp45_midc,62834,6938,0.11041792660024827,252,251,True,False,7.000000000000000,93.000000000000000,0,0,,0,17,18,False,False,0,,6938
13,noprecip_rcp45_endc,62834,6938,0.11041792660024827,286,285,True,False,9.333330150000000,108.000000000000000,0,0,,0,17,19,False,False,0,,6938
14,noprecip_rcp85_midc,62834,6938,0.11041792660024827,260,259,True,False,8.666669850000000,101.000000000000000,0,0,,0,17,19,False,False,0,,6938
15,noprecip_rcp85_endc,62834,6938,0.11041792660024827,264,263,True,False,8.666669850000000,99.333297729999998,0,0,,0,17,18,False,False,0,,6938
16,noprecip_mid45_hist,62834,6938,0.11041792660024827,243,242,True,False,-37.333301540000001,33.666698459999999,29688,1708,,0,17,19,False,False,0,,6938
17,noprecip_end45_hist,62834,6938,0.11041792660024827,255,254,True,False,-36.000000000000000,41.333301540000001,11127,1049,,0,17,19,False,False,0,,6938
18,noprecip_mid85_hist,62834,6938,0.11041792660024827,263,262,True,False,-45.333301540000001,38.000000000000000,34263,1672,,0,17,19,False,False,0,,6938
19,noprecip_end85_hist,62834,6938,0.11041792660024827,251,250,True,False,-32.666698459999999,39.000000000000000,35272,1308,,0,17,19,False,False,0,,6938
20,noprecip_mid85_45,62834,6938,0.11041792660024827,226,225,True,False,-30.666700360000000,39.666698459999999,31487,1846,,0,17,19,False,False,0,,6938
21,noprecip_end85_45,62834,6938,0.11041792660024827,261,260,True,False,-45.666698459999999,33.666698459999999,45252,769,,0,17,19,False,False,0,,6938
22,precipann_hist,62834,6938,0.11041792660024827,52785,52784,True,False,2.961349960000000,299.234008790000019,0,0,,0,17,19,False,False,0,,6938
23,precipann_rcp45_midc,62834,6938,0.11041792660024827,52885,52884,True,False,2.478660110000000,342.119995119999999,0,0,,0,17,19,False,False,0,,6938
24,precipann_rcp45_endc,62834,6938,0.11041792660024827,53069,53068,True,False,3.007040020000000,474.295013429999983,0,0,,0,17,19,False,False,0,,6938
25,precipann_rcp85_midc,62834,6938,0.11041792660024827,53131,53130,True,False,3.335320000000000,354.332000730000004,0,0,,0,17,19,False,False,0,,6938
26,precipann_rcp85_endc,62834,6938,0.11041792660024827,53230,53229,True,False,3.225159880000000,364.200012210000011,0,0,,0,17,19,False,False,0,,6938
27,precipann_mid45_hist,62834,6938,0.11041792660024827,54377,54376,True,False,-7.544559960000000,42.886299129999998,9411,0,,0,17,18,False,False,0,,6938
28,precipann_end45_hist,62834,6938,0.11041792660024827,55207,55206,True,False,-13.339400290000000,175.061004639999993,24774,0,,0,17,19,False,False,0,,6938
29,precipann_mid85_hist,62834,6938,0.11041792660024827,54669,54668,True,False,-8.133540150000000,55.098400120000001,6311,0,,0,17,18,False,False,0,,6938
30,precipann_end85_hist,62834,6938,0.11041792660024827,54389,54388,True,False,-14.873000140000000,64.966400149999998,2294,0,,0,17,19,False,False,0,,6938
31,precipann_mid85_45,62834,6938,0.11041792660024827,54189,54188,True,False,-11.466400150000000,14.799099920000000,10846,0,,0,17,19,False,False,0,,6938
32,precipann_end85_45,62834,6938,0.11041792660024827,54690,54689,True,False,-114.194999690000003,26.507299419999999,8001,0,,0,17,20,False,False,0,,6938
33,windspeed_hist,62834,0,0.0,58971,58971,True,False,1.967730050000000,24.419700620000000,0,0,,0,17,18,False,False,0,10.114700320000001,4
34,windspeed_rcp45_midc,62834,0,0.0,59029,59029,True,False,1.900650020000000,24.427200320000001,0,0,,0,17,18,False,False,0,10.561699870000000,4
35,windspeed_rcp45_endc,62834,0,0.0,59075,59075,True,False,1.950559970000000,23.967100139999999,0,0,,0,17,18,False,False,0,10.176099779999999,4
36,windspeed_rcp85_midc,62834,0,0.0,59024,59024,True,False,1.912909980000000,24.578699109999999,0,0,,0,17,18,False,False,0,10.102600100000000,4
37,windspeed_rcp85_endc,62834,0,0.0,59196,59196,True,False,1.949830060000000,24.274999619999999,0,0,,0,17,18,False,False,0,6.080359940000000,4
38,windspeed_mid45_hist,62834,0,0.0,59708,59708,True,False,-0.666149970000000,0.402815010000000,44726,0,,0,17,18,False,False,0,-0.010850900000000,4
39,windspeed_end45_hist,62834,0,0.0,60634,60634,True,False,-0.662729020000000,1.633409980000000,10155,0,,0,17,18,False,False,0,0.021452000000000,4
40,windspeed_mid85_hist,62834,0,0.0,60395,60395,True,False,-0.650309980000000,0.517817020000000,31855,0,,0,17,18,False,False,0,0.022947300000000,4
41,windspeed_end85_hist,62834,0,0.0,60939,60939,True,False,-1.445189950000000,0.904313030000000,39499,0,,0,17,18,False,False,0,-0.014094400000000,3
42,windspeed_mid85_45,62834,0,0.0,59057,59057,True,False,-0.361216990000000,0.434388010000000,18413,0,,0,17,18,False,False,0,-0.004382130000000,4
43,windspeed_end85_45,62834,0,0.0,60380,60380,True,False,-1.957589980000000,0.621168970000000,59060,0,,0,17,18,False,False,0,-0.185674000000000,4
44,tempmaxann_hist,62834,0,0.0,58542,58542,True,False,9.471329689999999,85.500000000000000,0,0,,0,17,18,False,False,0,50.193099980000000,4
45,tempmaxann_rcp45_midc,62834,0,0.0,58486,58486,True,False,12.148099900000000,87.449897770000007,0,0,,0,18,18,False,False,0,75.390602110000003,5
46,tempmaxann_rcp45_endc,62834,0,0.0,58528,58528,True,False,12.899900440000000,89.017700199999993,0,0,,0,18,18,False,False,0,57.055400849999998,4
47,tempmaxann_rcp85_midc,62834,0,0.0,58559,58559,True,False,13.435000420000000,88.280799869999996,0,0,,0,18,18,False,False,0,55.957901000000000,4
48,tempmaxann_rcp85_endc,62834,0,0.0,58292,58292,True,False,17.606500629999999,93.941596980000000,0,0,,0,18,18,False,False,0,63.183300019999997,5
49,tempmaxann_mid45_hist,62834,0,0.0,40679,40679,True,False,1.012990000000000,5.839670180000000,0,0,,0,17,17,False,False,0,2.500760080000000,10
50,tempmaxann_end45_hist,62834,0,0.0,47906,47906,True,False,1.300449970000000,7.721189980000000,0,0,,0,17,17,False,False,0,4.352069850000000,7
51,tempmaxann_mid85_hist,62834,0,0.0,39700,39700,True,False,0.790297990000000,9.198410030000000,0,0,,0,17,17,False,False,0,2.572720050000000,9
52,tempmaxann_end85_hist,62834,0,0.0,46781,46781,True,False,3.466300010000000,17.418399810000000,0,0,,0,17,18,False,False,0,10.009099960000000,8
53,tempmaxann_mid85_45,62834,0,0.0,46927,46927,True,False,-1.805109980000000,4.680009840000000,17069,2,,0,17,18,False,False,0,0.538330020000000,10
54,tempmaxann_end85_45,62834,0,0.0,47746,47746,True,False,1.143399950000000,12.053799630000000,0,0,,0,17,18,False,False,0,3.539959910000000,9
55,tempmax_seas_hist_winter,62834,0,0.0,59176,59176,True,False,-5.139339920000000,77.326103209999999,362,0,,0,17,18,False,False,0,28.513700490000002,4
56,tempmax_seas_rcp85_midc_winter,62834,0,0.0,59096,59096,True,False,1.380550030000000,79.417297360000006,0,0,,0,17,18,False,False,0,34.881698610000001,4
57,tempmax_seas_rcp85_endc_winter,62834,0,0.0,58690,58690,True,False,8.470359800000001,82.145202639999994,0,0,,0,17,18,False,False,0,34.418598179999996,4
58,tempmax_seas_mid85_hist_winter,62834,0,0.0,44664,44664,True,False,1.068420050000000,10.608799930000000,0,0,,0,17,18,False,False,0,4.067249770000000,9
59,tempmax_seas_end85_hist_winter,62834,0,0.0,50274,50274,True,False,3.720900060000000,24.535600660000000,0,0,,0,17,18,False,False,0,10.087400440000000,7
60,tempmax_seas_hist_summer,62834,0,0.0,56959,56959,True,False,26.275400160000000,104.760002139999997,0,0,,0,18,19,False,False,0,77.732299800000007,5
61,tempmax_seas_rcp85_mid_summer,62834,0,0.0,57138,57138,True,False,30.410900120000001,110.627998349999999,0,0,,0,18,19,False,False,0,84.669097899999997,5
62,tempmax_seas_rcp85_end_summer,62834,0,0.0,55632,55632,True,False,33.955001830000000,115.472999569999999,0,0,,0,18,19,False,False,0,101.068000789999999,9
63,tempmax_seas_mid85_hist_summer,62834,0,0.0,45861,45861,True,False,1.346320030000000,9.482029910000000,0,0,,0,17,17,False,False,0,4.749499800000000,8
64,tempmax_seas_end85_hist_summer,62834,0,0.0,42109,42109,True,False,2.660340070000000,17.273500439999999,0,0,,0,17,18,False,False,0,10.439999580000000,11
65,tempmax_seas_hist_spring,62834,0,0.0,58857,58857,True,False,7.379859920000000,85.163902280000002,0,0,,0,17,18,False,False,0,53.247699740000002,4
66,tempmax_seas_rcp85_mid_spring,62834,0,0.0,58711,58711,True,False,10.847999570000001,89.788002010000000,0,0,,0,18,18,False,False,0,78.617103580000006,5
67,tempmax_seas_rcp85_end_spring,62834,0,0.0,58725,58725,True,False,15.355999949999999,93.886596679999997,0,0,,0,18,18,False,False,0,47.739299770000002,4
68,tempmax_seas_mid85_hist_sprin,62834,0,0.0,43460,43460,True,False,1.615049960000000,7.713280200000000,0,0,,0,17,17,False,False,0,4.085269930000000,8
69,tempmax_seas_end85_hist_sprin,62834,0,0.0,48943,48943,True,False,2.542949910000000,16.497499470000001,0,0,,0,17,18,False,False,0,7.834790230000000,7
70,tempmax_seas_hist_autum,62834,0,0.0,58225,58225,True,False,9.139209749999999,89.531997680000003,0,0,,0,17,18,False,False,0,59.926101680000002,5
71,tempmax_seas_rcp85_mid_autumn,62834,0,0.0,58265,58265,True,False,14.199199680000000,93.699996949999999,0,0,,0,18,18,False,False,0,64.323196409999994,5
72,tempmax_seas_rcp85_end_autumn,62834,0,0.0,58133,58133,True,False,18.212200159999998,97.969596859999996,0,0,,0,18,18,False,False,0,65.725601200000000,4
73,tempmax_seas_mid85_hist_autumn,62834,0,0.0,41963,41963,True,False,1.405480030000000,13.313799860000000,0,0,,0,17,18,False,False,0,4.356629850000000,11
74,tempmax_seas_end85_hist_autumn,62834,0,0.0,44673,44673,True,False,2.740590100000000,18.307300569999999,0,0,,0,17,18,False,False,0,9.080249790000000,8
75,tempminann_hist,62834,0,0.0,58389,58389,True,False,-0.950496970000000,76.644302370000005,2,0,,0,17,18,False,False,0,37.090198520000001,5
76,tempminann_rcp45_midc,62834,0,0.0,57890,57890,True,False,1.099390030000000,78.346702579999999,0,0,,0,17,18,False,False,0,39.283599850000002,7
77,tempminann_rcp45_endc,62834,0,0.0,57926,57926,True,False,2.817790030000000,79.025001529999997,0,0,,0,17,18,False,False,0,40.228000639999998,4
78,tempminann_rcp85_midc,62834,0,0.0,57947,57947,True,False,2.463589910000000,78.892303470000002,0,0,,0,17,18,False,False,0,40.585300449999998,5
79,tempminann_rcp85_endc,62834,0,0.0,57589,57589,True,False,7.852660180000000,81.783401490000003,0,0,,0,17,18,False,False,0,48.332298280000003,5
80,tempminann_mid45_hist,62834,0,0.0,44449,44449,True,False,-0.319427010000000,6.668479920000000,27,0,,0,17,18,False,False,0,1.634770040000000,8
81,tempminann_end45_hist,62834,0,0.0,48238,48238,True,False,1.701949950000000,9.889010430000001,0,0,,0,17,17,False,False,0,3.003940110000000,6
82,tempminann_mid85_hist,62834,0,0.0,43223,43223,True,False,1.034199950000000,9.677749629999999,0,0,,0,17,17,False,False,0,2.520649910000000,8
83,tempminann_end85_hist,62834,0,0.0,48592,48592,True,False,4.864520070000000,20.044099809999999,0,0,,0,17,18,False,False,0,10.210599900000000,7
84,tempminann_mid85_45,62834,0,0.0,43682,43682,True,False,-1.669540050000000,5.065030100000000,7124,1,,0,17,18,False,False,0,0.499603000000000,8
85,tempminann_end85_45,62834,0,0.0,44482,44482,True,False,1.650200010000000,12.724900249999999,0,0,,0,17,18,False,False,0,3.713649990000000,9
86,tempmin_seas_hist_winter,62834,0,0.0,59353,59353,True,False,-17.557300569999999,71.911300659999995,4196,0,,0,17,19,False,False,0,15.369299890000001,4
87,tempmin_seas_rcp85_midc_winter,62834,0,0.0,58782,58782,True,False,-10.637700080000000,73.621299739999998,1279,0,,0,17,19,False,False,0,22.501300810000000,4
88,tempmin_seas_rcp85_endc_winter,62834,0,0.0,57882,57882,True,False,-2.522389890000000,76.227600100000004,11,0,,0,17,18,False,False,0,28.816900250000000,5
89,tempmin_seas_mid85_hist_winter,62834,0,0.0,51264,51264,True,False,0.806231980000000,12.517600059999999,0,0,,0,17,18,False,False,0,3.623179910000000,8
90,tempmin_seas_end85_hist_winter,62834,0,0.0,53266,53266,True,False,3.931299920000000,28.632799150000000,0,0,,0,17,18,False,False,0,10.043899540000000,5
91,tempmin_seas_hist_summer,62834,0,0.0,57394,57394,True,False,16.852399830000000,83.625297549999999,0,0,,0,18,18,False,False,0,60.019100190000003,5
92,tempmin_seas_rcp85_mid_summer,62834,0,0.0,57093,57093,True,False,21.114299769999999,88.697898859999995,0,0,,0,18,18,False,False,0,62.250900270000002,5
93,tempmin_seas_rcp85_end_summer,62834,0,0.0,56765,56765,True,False,25.888299940000000,93.512496949999999,0,0,,0,18,18,False,False,0,65.114501950000005,5
94,tempmin_seas_mid85_hist_summer,62834,0,0.0,40632,40632,True,False,1.566540000000000,8.980500220000000,0,0,,0,17,17,False,False,0,4.864359860000000,10
95,tempmin_seas_end85_hist_summer,62834,0,0.0,36744,36744,True,False,2.678630110000000,15.117699620000000,0,0,,0,17,18,False,False,0,10.366800310000000,14
96,tempmin_seas_hist_spring,62834,0,0.0,58410,58410,True,False,-4.405529980000000,75.595596310000005,27,0,,0,17,18,False,False,0,39.418701169999999,5
97,tempmin_seas_rcp85_mid_spring,62834,0,0.0,58146,58146,True,False,-1.347429990000000,77.770301820000000,2,0,,0,17,18,False,False,0,37.938701629999997,4
98,tempmin_seas_rcp85_end_spring,62834,0,0.0,58130,58130,True,False,3.826829910000000,80.379402159999998,0,0,,0,17,18,False,False,0,59.381301880000002,6
99,tempmin_seas_mid85_hist_sprin,62834,0,0.0,38048,38048,True,False,2.172600030000000,9.156109810000000,0,0,,0,17,17,False,False,0,3.766720060000000,10
100,tempmin_seas_end85_hist_sprin,62834,0,0.0,47316,47316,True,False,4.742519860000000,19.531900409999999,0,0,,0,17,18,False,False,0,8.455410000000001,8
101,tempmin_seas_hist_autum,62834,0,0.0,58129,58129,True,False,-1.808580040000000,78.759201050000001,4,0,,0,17,18,False,False,0,40.271301270000002,4
102,tempmin_seas_rcp85_mid_autumn,62834,0,0.0,57817,57817,True,False,3.259380100000000,81.043403630000000,0,0,,0,17,18,False,False,0,53.909198760000002,5
103,tempmin_seas_rcp85_end_autumn,62834,0,0.0,57761,57761,True,False,7.122779850000000,84.240501399999999,0,0,,0,17,18,False,False,0,49.211299900000000,4
104,tempmin_seas_mid85_hist_autumn,62834,0,0.0,41735,41735,True,False,2.032140020000000,15.090700150000000,0,0,,0,17,18,False,False,0,4.660679820000000,10
105,tempmin_seas_end85_hist_autumn,62834,0,0.0,43912,43912,True,False,4.828879830000000,21.148399349999998,0,0,,0,17,18,False,False,0,10.519000050000001,11
106,X,62834,0,0.0,62834,62834,True,False,-172.955380810000008,-67.034262240000004,62834,0,,0,19,20,False,True,0,-100.000201630000007,1
107,Y,62834,0,0.0,62834,62834,True,False,24.973584720000002,70.175165050000004,0,0,,0,18,18,False,True,0,24.973584720000002,1
108,TRACTCE,62834,8,0.00012731960403603146,4689,4688,True,True,000100,990300,0,0,29467,29467,6,6,False,False,1,000100,6618
109,GEOID,62834,8,0.00012731960403603146,12941,12940,True,True,01001020300,56045951100,0,0,19074,19074,11,11,False,False,0,02290000100,877
110,NAME_1,62834,8,0.00012731960403603146,4689,4688,True,False,1,9903,0,0,,0,1,7,False,False,1,1,6618
111,NAMELSAD,62834,8,0.00012731960403603146,4689,4688,False,False,,,,,,0,14,20,False,False,0,Census Tract 1,6618
112,Percentage_of_the_population_65,62834,241,0.0038355030715854473,12582,12581,True,False,0.000000000000000,100.000000000000000,0,380,,0,17,19,False,False,1,17.017543860000000,877
113,Gini_Index_of_income_inequality,62834,241,0.0038355030715854473,2761,2760,True,False,0.040600000000000,0.802200000000000,0,0,,0,17,17,False,False,0,0.477900000000000,890
114,Pop_below_U_S__Census_poverty_l,62834,0,0.0,3016,3016,True,False,1.204819280000000,59.024706010000003,0,0,,0,17,18,False,False,0,23.211299019999998,2932
115,Percentage_of_housing_units_tha,62834,241,0.0038355030715854473,10876,10875,True,False,0.000000000000000,100.000000000000000,0,2889,,0,17,19,False,False,1,0.000000000000000,2889
116,Aggregate_Resilience_Indicator,62834,241,0.0038355030715854473,12838,12837,True,False,0.001170000000000,99.994144899999995,0,0,,0,17,18,False,False,0,96.447098800000006,877
117,Aggregate_Resilience_Indicator_,62834,0,0.0,1,1,True,True,-9,-9,62834,0,0,0,2,2,True,False,1,-9,62834
118,The_net_migration__internationa,62834,241,0.0038355030715854473,3060,3059,True,False,0.000000000000000,11.993620220000000,0,51,,0,17,18,False,False,0,1.320936430000000,2965
119,precipdaily_histmean_winter,62834,0,0.0,58956,58956,True,False,0.009570430000000,0.863123000000000,0,0,,0,17,17,False,False,0,0.110257000000000,5
120,precipdaily_mid85mean_winter,62834,0,0.0,59162,59162,True,False,0.009549290000000,1.121129990000000,0,0,,0,17,17,False,False,0,0.109651000000000,5
121,precipdaily_end85mean_winter,62834,0,0.0,59259,59259,True,False,0.010970900000000,1.249109980000000,0,0,,0,17,17,False,False,0,0.157529990000000,5
122,precipdaily_Dmid_mean_winter,62834,0,0.0,61617,61617,True,False,-0.048726000000000,0.284289990000000,22038,0,,0,17,18,False,False,0,0.010528100000000,4
123,precipdaily_Dend_mean_winter,62834,0,0.0,60939,60939,True,False,-0.062756600000000,0.385984000000000,14333,0,,0,17,18,False,False,0,0.011597900000000,4
124,precipdaily_Pmid_mean_winter,62834,0,0.0,61097,61097,True,False,-48.223701480000003,50.929698940000002,22038,0,,0,17,19,False,False,0,12.100899699999999,6
125,precipdaily_Pend_mean_winter,62834,0,0.0,60241,60241,True,False,-56.300701140000001,164.904998780000000,14333,0,,0,17,19,False,False,0,10.533499720000000,4
126,precipdaily_histmax_winter,62834,0,0.0,58999,58999,True,False,0.107359000000000,6.588590150000000,0,0,,0,17,17,False,False,0,1.222990040000000,4
127,precipdaily_mid85max_winter,62834,0,0.0,59125,59125,True,False,0.116542000000000,7.743330000000000,0,0,,0,17,17,False,False,0,1.008990050000000,4
128,precipdaily_end85max_winter,62834,0,0.0,59182,59182,True,False,0.136007000000000,7.959129810000000,0,0,,0,17,17,False,False,0,1.419929980000000,4
129,precipdaily_Dmid_max_winter,62834,0,0.0,61381,61381,True,False,-1.098160030000000,1.839400050000000,17348,0,,0,17,18,False,False,0,0.101808000000000,3
130,precipdaily_Dend_max_winter,62834,0,0.0,61050,61050,True,False,-1.330690030000000,2.903520110000000,12092,0,,0,17,18,False,False,0,0.014555500000000,3
131,precipdaily_Pmid_max_winter,62834,0,0.0,60968,60968,True,False,-47.425598139999998,99.261802669999994,17348,0,,0,17,19,False,False,0,11.361599920000000,4
132,precipdaily_Pend_max_winter,62834,0,0.0,60569,60569,True,False,-53.245700839999998,177.095993039999996,12092,0,,0,17,19,False,False,0,10.152199749999999,3
133,precipdaily_histmean_spring,62834,0,0.0,58818,58818,True,False,0.004520130000000,0.654845000000000,0,0,,0,17,17,False,False,0,0.105215000000000,6
134,precipdaily_mid85mean_spring,62834,0,0.0,56867,56867,True,False,0.004863900000000,0.792838990000000,0,0,,0,17,17,False,False,0,0.109185000000000,5
135,precipdaily_end85mean_spring,62834,0,0.0,57445,57445,True,False,0.002468110000000,0.879037980000000,0,0,,0,17,17,False,False,0,0.108066000000000,5
136,precipdaily_Dmid_mean_spring,62834,0,0.0,60407,60407,True,False,-0.032861100000000,0.137994010000000,7849,0,,0,17,18,False,False,0,0.023482200000000,5
137,precipdaily_Dend_mean_spring,62834,0,0.0,60603,60603,True,False,-0.078368500000000,0.224193010000000,9958,0,,0,17,18,False,False,0,0.021540300000000,4
138,precipdaily_Pmid_mean_spring,62834,0,0.0,59934,59934,True,False,-43.409599300000004,121.311996460000003,7849,0,,0,17,19,False,False,0,14.748200420000000,4
139,precipdaily_Pend_mean_spring,62834,0,0.0,60585,60585,True,False,-70.514701840000001,146.582992550000000,9958,0,,0,17,19,False,False,0,44.929798130000002,4
140,precipdaily_histmax_spring,62834,0,0.0,57039,57039,True,False,0.058804900000000,4.490149970000000,0,0,,0,17,17,False,False,0,1.147940040000000,5
141,precipdaily_mid85max_spring,62834,0,0.0,57520,57520,True,False,0.100672000000000,5.458189960000000,0,0,,0,17,17,False,False,0,1.427680020000000,5
142,precipdaily_end85max_spring,62834,0,0.0,57417,57417,True,False,0.108507000000000,6.011069770000000,0,0,,0,17,17,False,False,0,1.756109950000000,5
143,precipdaily_Dmid_max_spring,62834,0,0.0,60512,60512,True,False,-0.796692010000000,1.156110050000000,6410,0,,0,17,18,False,False,0,0.109327000000000,4
144,precipdaily_Dend_max_spring,62834,0,0.0,60785,60785,True,False,-0.920931990000000,1.970049980000000,7393,0,,0,17,18,False,False,0,0.205656010000000,4
145,precipdaily_Pmid_max_spring,62834,0,0.0,59812,59812,True,False,-40.884101870000002,160.251998899999990,6410,0,,0,17,19,False,False,0,13.748200420000000,4
146,precipdaily_Pend_max_spring,62834,0,0.0,60435,60435,True,False,-59.148200989999999,200.774993899999998,7393,0,,0,17,19,False,False,0,10.312000270000000,4
147,precipdaily_histmean_summer,62834,0,0.0,58784,58784,True,False,0.002210690000000,0.752789020000000,0,0,,0,17,17,False,False,0,0.101776000000000,4
148,precipdaily_mid85mea_summer,62834,0,0.0,59985,59985,True,False,0.000000000000000,0.953866000000000,0,5,,0,17,17,False,False,0,0.000000000000000,5
149,precipdaily_end85mea_summer,62834,0,0.0,58256,58256,True,False,0.001076340000000,0.961129010000000,0,0,,0,17,17,False,False,0,0.129454000000000,5
150,precipdaily_Dmid_mea_summer,62834,0,0.0,61793,61793,True,False,-0.277662990000000,0.201078000000000,40023,0,,0,17,18,False,False,0,-0.000058880000000,3
151,precipdaily_Dend_mea_summer,62834,0,0.0,60706,60706,True,False,-0.100665000000000,0.208341000000000,10407,0,,0,17,18,False,False,0,0.010660600000000,4
152,precipdaily_Pmid_mea_summer,62834,0,0.0,61635,61635,True,False,-100.000000000000000,43.643798830000001,40023,0,,0,17,20,False,False,0,-100.000000000000000,5
153,precipdaily_Pend_mea_summer,62834,0,0.0,59882,59882,True,False,-73.027397160000007,79.074996949999999,10407,0,,0,17,19,False,False,0,11.627900120000000,4
154,precipdaily_histmax_summer,62834,0,0.0,57484,57484,True,False,0.077097000000000,5.972179890000000,0,0,,0,17,17,False,False,0,1.348369960000000,5
155,precipdaily_mid85max_summer,62834,0,0.0,58378,58378,True,False,0.000000000000000,7.044950010000000,0,5,,0,17,17,False,False,0,0.000000000000000,5
156,precipdaily_end85max_summer,62834,0,0.0,57301,57301,True,False,0.034708400000000,7.919340130000000,0,0,,0,17,17,False,False,0,1.302940010000000,5
157,precipdaily_Dmid_max_summer,62834,0,0.0,61721,61721,True,False,-2.335069890000000,1.516340020000000,30395,0,,0,17,18,False,False,0,-0.028030400000000,3
158,precipdaily_Dend_max_summer,62834,0,0.0,61034,61034,True,False,-1.384349940000000,3.072730060000000,5808,0,,0,17,18,False,False,0,0.326175990000000,4
159,precipdaily_Pmid_max_summer,62834,0,0.0,61396,61396,True,False,-100.000000000000000,154.576995850000003,30395,0,,0,17,20,False,False,0,-100.000000000000000,5
160,precipdaily_Pend_max_summer,62834,0,0.0,60441,60441,True,False,-75.657798769999999,188.597000119999990,5808,0,,0,17,19,False,False,0,23.668800350000001,4
161,precipdaily_histmean_autumn,62834,0,0.0,60537,60537,True,False,0.007756820000000,1.130990030000000,0,0,,0,17,17,False,False,0,0.034483600000000,4
162,precipdaily_mid85mea_autumn,62834,0,0.0,60489,60489,True,False,0.007079260000000,1.192919970000000,0,0,,0,17,17,False,False,0,0.037720900000000,4
163,precipdaily_end85mea_autumn,62834,0,0.0,60474,60474,True,False,0.004367410000000,1.057909970000000,0,0,,0,17,17,False,False,0,0.033222800000000,4
164,precipdaily_Dmid_mea_autumn,62834,0,0.0,61200,61200,True,False,-0.058797700000000,0.111237000000000,15808,0,,0,17,18,False,False,0,-0.000227000000000,3
165,precipdaily_Dend_mea_autumn,62834,0,0.0,60912,60912,True,False,-0.143208000000000,0.208245990000000,13103,0,,0,17,18,False,False,0,0.010070400000000,6
166,precipdaily_Pmid_mea_autumn,62834,0,0.0,61029,61029,True,False,-32.485599520000001,96.638603209999999,15808,0,,0,17,19,False,False,0,10.974399569999999,4
167,precipdaily_Pend_mea_autumn,62834,0,0.0,61125,61125,True,False,-56.867698670000003,141.132995609999995,13103,0,,0,17,19,False,False,0,14.572799679999999,4
168,precipdaily_histmax_autumn,62834,0,0.0,57146,57146,True,False,0.149654000000000,7.325109960000000,0,0,,0,17,17,False,False,0,1.106549980000000,5
169,precipdaily_mid85max_autumn,62834,0,0.0,56757,56757,True,False,0.192848000000000,8.275850300000000,0,0,,0,17,17,False,False,0,1.485100030000000,5
170,precipdaily_end85max_autumn,62834,0,0.0,55609,55609,True,False,0.154042010000000,8.823160170000000,0,0,,0,17,17,False,False,0,1.280550000000000,5
171,precipdaily_Dmid_max_autumn,62834,0,0.0,61461,61461,True,False,-1.086809990000000,1.367650030000000,21629,0,,0,17,18,False,False,0,0.106336000000000,4
172,precipdaily_Dend_max_autumn,62834,0,0.0,60810,60810,True,False,-1.069800020000000,2.987989900000000,14055,0,,0,17,18,False,False,0,0.147471000000000,4
173,precipdaily_Pmid_max_autumn,62834,0,0.0,61360,61360,True,False,-43.261001589999999,121.522003170000005,21629,0,,0,17,19,False,False,0,10.386500359999999,4
174,precipdaily_Pend_max_autumn,62834,0,0.0,61024,61024,True,False,-50.578300480000003,169.246994019999988,14055,0,,0,17,19,False,False,0,20.657199859999999,4
175,wildfire_autumn_Hist,62834,0,0.0,59740,59740,True,False,0.009932860000000,62.000598910000001,0,0,,0,17,18,False,False,0,23.039400100000002,5
176,wildfire_autumn_Midc,62834,0,0.0,59593,59593,True,False,0.001596480000000,60.795799260000003,0,0,,0,17,18,False,False,0,11.111700060000000,4
177,wildfire_autumn_Endc,62834,0,0.0,59470,59470,True,False,0.000897500000000,61.927600859999998,0,0,,0,17,18,False,False,0,17.499799729999999,4
178,wildfire_autumn_Dmid,62834,0,0.0,62029,62029,True,False,-11.503199580000000,7.773970130000000,44820,0,,0,17,19,False,False,0,-1.101879950000000,3
179,wildfire_autumn_Dend,62834,0,0.0,61437,61437,True,False,-6.591879840000000,14.406299590000000,24912,0,,0,17,18,False,False,0,1.302580000000000,4
180,wildfire_autumn_Pmid,62834,0,0.0,62777,62777,True,False,-91.835487000000001,198.008422999999993,44820,0,,0,17,19,False,False,0,-0.290214000000000,2
181,wildfire_autumn_Pend,62834,0,0.0,62792,62792,True,False,-95.410149000000004,270.322387999999989,24912,0,,0,17,19,False,False,0,-0.004364000000000,2
182,wildfire_spring_Hist,62834,0,0.0,61224,61224,True,False,0.016721500000000,53.255500789999999,0,0,,0,17,18,False,False,0,11.226400379999999,4
183,wildfire_spring_Midc,62834,0,0.0,61343,61343,True,False,0.003146730000000,57.348400120000001,0,0,,0,17,18,False,False,0,0.777165000000000,3
184,wildfire_spring_Endc,62834,0,0.0,61014,61014,True,False,0.007025920000000,62.681900020000000,0,0,,0,17,18,False,False,0,12.132900240000000,5
185,wildfire_spring_Dmid,62834,0,0.0,61881,61881,True,False,-2.508749960000000,11.027899740000001,24121,0,,0,17,18,False,False,0,-0.026520700000000,3
186,wildfire_spring_Dend,62834,0,0.0,61617,61617,True,False,-1.148839950000000,17.347999569999999,6211,0,,0,17,18,False,False,0,1.346040010000000,4
187,wildfire_spring_Pmid,62834,0,0.0,62800,62800,True,False,-81.181458000000006,219.554305999999997,24121,0,,0,17,19,False,False,0,-0.658739000000000,2
188,wildfire_spring_Pend,62834,0,0.0,62789,62789,True,False,-77.880416999999994,644.958495999999968,6211,0,,0,17,19,False,False,0,-11.595458000000001,2
189,wildfire_summer_Hist,62834,0,0.0,60072,60072,True,False,0.000051130000000,70.955902100000003,0,0,,0,17,18,False,False,0,22.098400120000001,4
190,wildfire_summer_Midc,62834,0,0.0,60364,60364,True,False,0.000014610000000,75.703002929999997,0,0,,0,17,18,False,False,0,10.877300260000000,4
191,wildfire_summer_Endc,62834,0,0.0,60197,60197,True,False,0.000000000000000,78.795402530000004,0,2,,0,17,18,False,False,0,16.384099960000000,4
192,wildfire_summer_Dmid,62834,0,0.0,62021,62021,True,False,-7.466290000000000,7.484570030000000,30956,0,,0,17,18,False,False,0,-0.373890010000000,3
193,wildfire_summer_Dend,62834,0,0.0,61302,61302,True,False,-3.122390030000000,15.155200000000001,6302,0,,0,17,18,False,False,0,1.067180040000000,4
194,wildfire_summer_Pmid,62834,0,0.0,62788,62788,True,False,-93.494895999999997,453.324066000000016,30956,0,,0,17,19,False,False,0,-0.123385000000000,2
195,wildfire_summer_Pend,62834,0,0.0,62762,62762,True,False,-100.000000000000000,3001.408446999999796,6302,0,,0,17,20,False,False,0,-100.000000000000000,2
196,wildfire_winter_Hist,62834,0,0.0,60886,60886,True,False,0.010835390000000,37.619119320000003,0,0,,0,17,18,False,False,0,0.185078190000000,5
197,wildfire_winter_Midc,62834,0,0.0,60985,60985,True,False,0.014456790000000,37.271691330000003,0,0,,0,17,18,False,False,0,0.085316870000000,4
198,wildfire_winter_Endc,62834,0,0.0,62816,62816,True,False,0.014809840000000,44.273742439999999,0,0,,0,17,18,False,False,0,0.089923530000000,2
199,wildfire_winter_Dmid,62834,0,0.0,52179,52179,True,False,-2.983200070000000,5.138850210000000,23647,0,,0,17,18,False,False,0,-0.023353900000000,7
200,wildfire_winter_Dend,62834,0,0.0,61405,61405,True,False,-2.050260070000000,12.974200250000001,3714,0,,0,17,18,False,False,0,0.162377000000000,3
201,wildfire_winter_Pmid,62834,0,0.0,62778,62778,True,False,-81.841956999999994,116.148505999999998,23647,0,,0,17,19,False,False,0,-0.550662000000000,2
202,wildfire_winter_Pend,62834,0,0.0,62743,62743,True,False,-77.670852999999994,692.911194000000023,3714,0,,0,17,19,False,False,0,100.312714000000000,2
203,OBJECTID_1,62834,22,0.0003501289110990865,62813,62812,True,True,1,63557,0,0,0,0,1,5,False,True,0,,22
204,Crossmodel_1,62834,22,0.0003501289110990865,62813,62812,False,False,,,,,,0,8,8,False,True,0,,22
205,FWI_Bins_Hist_95,62834,22,0.0003501289110990865,62812,62811,True,False,0.051895890000000,74.270507660000007,0,0,,0,17,18,False,False,0,,22
206,FWI_Bins_Hist_NC,62834,22,0.0003501289110990865,7,6,False,False,,,,,,0,3,12,False,False,0,High,15879
207,FWI_Bins_MidC_95,62834,22,0.0003501289110990865,62813,62812,True,False,0.016712330000000,78.534036389999997,0,0,,0,17,18,False,True,0,,22
208,FWI_Bins_MidC_NC,62834,22,0.0003501289110990865,7,6,False,False,,,,,,0,3,12,False,False,0,Medium,17063
209,FWI_Bins_EndC_95,62834,22,0.0003501289110990865,62813,62812,True,False,0.066271960000000,82.988155410000005,0,0,,0,17,18,False,True,0,,22
210,FWI_Bins_EndC_NC,62834,22,0.0003501289110990865,7,6,False,False,,,,,,0,3,12,False,False,0,Medium,15227
211,FWIBins_HistSpr_95,62834,22,0.0003501289110990865,62810,62809,True,False,0.060297300000000,63.223708150000000,0,0,,0,17,18,False,False,0,,22
212,FWIBins_HistSpr_NC,62834,22,0.0003501289110990865,7,6,False,False,,,,,,0,3,12,False,False,0,Low,27669
213,FWIBins_HistSum_95,62834,22,0.0003501289110990865,62813,62812,True,False,0.000244570000000,77.604154800000003,0,0,,0,17,18,False,True,0,,22
214,FWIBins_HistSum_NC,62834,22,0.0003501289110990865,7,6,False,False,,,,,,0,3,12,False,False,0,Low,16000
215,FWIBins_HistAut_95,62834,22,0.0003501289110990865,62813,62812,True,False,0.043978730000000,85.176548859999997,0,0,,0,17,18,False,True,0,,22
216,FWIBins_HistAut_NC,62834,22,0.0003501289110990865,7,6,False,False,,,,,,0,3,12,False,False,0,High,17984
217,FWIBins_HistWin_95,62834,22,0.0003501289110990865,61331,61330,True,False,0.042755560000000,49.895888909999996,0,0,,0,17,18,False,False,0,,22
218,FWIBins_HistWin_NC,62834,22,0.0003501289110990865,6,5,False,False,,,,,,0,3,9,False,False,0,Low,49345
219,FWIBins_MidSpr_95,62834,22,0.0003501289110990865,62812,62811,True,False,0.014468240000000,68.503660810000000,0,0,,0,17,18,False,False,0,,22
220,FWIBins_MidSpr_NC,62834,22,0.0003501289110990865,7,6,False,False,,,,,,0,3,12,False,False,0,Low,32056
221,FWIBins_MidSum_95,62834,22,0.0003501289110990865,62813,62812,True,False,0.000072460000000,82.780007760000004,0,0,,0,17,18,False,True,0,,22
222,FWIBins_MidSum_NC,62834,22,0.0003501289110990865,7,6,False,False,,,,,,0,3,12,False,False,0,Low,16345
223,FWIBins_MidAut_95,62834,22,0.0003501289110990865,62813,62812,True,False,0.007280570000000,73.294427290000002,0,0,,0,17,18,False,True,0,,22
224,FWIBins_MidAut_NC,62834,22,0.0003501289110990865,7,6,False,False,,,,,,0,3,12,False,False,0,High,21561
225,FWIBins_MidWin_95,62834,22,0.0003501289110990865,61342,61341,True,False,0.045022220000000,48.408970289999999,0,0,,0,17,18,False,False,0,,22
226,FWIBins_MidWin_NC,62834,22,0.0003501289110990865,6,5,False,False,,,,,,0,3,9,False,False,0,Low,50207
227,FWIBins_EndSpr_95,62834,22,0.0003501289110990865,62813,62812,True,False,0.035151410000000,72.728569239999999,0,0,,0,17,18,False,True,0,,22
228,FWIBins_EndSpr_NC,62834,22,0.0003501289110990865,7,6,False,False,,,,,,0,3,12,False,False,0,Low,26970
229,FWIBins_EndSum_95,62834,22,0.0003501289110990865,62811,62810,True,False,0.000000000000000,86.406705630000005,0,2,,0,17,18,False,False,0,,22
230,FWIBins_EndSum_NC,62834,22,0.0003501289110990865,7,6,False,False,,,,,,0,3,12,False,False,0,Medium,13562
231,FWIBins_EndAut_95,62834,22,0.0003501289110990865,62813,62812,True,False,0.003774910000000,79.384504860000007,0,0,,0,17,18,False,True,0,,22
232,FWIBins_EndAut_NC,62834,22,0.0003501289110990865,7,6,False,False,,,,,,0,3,12,False,False,0,High,22337
233,FWIBins_EndWin_95,62834,22,0.0003501289110990865,62259,62258,True,False,0.053392590000000,62.078407400000003,0,0,,0,17,18,False,False,0,,22
234,FWIBins_EndWin_NC,62834,22,0.0003501289110990865,7,6,False,False,,,,,,0,3,12,False,False,0,Low,43888
235,OBJECTID_12,62834,83,0.0013209408918738264,62752,62751,True,True,1,63458,0,0,0,0,1,5,False,True,0,,83
236,OBJECTID_12_13,62834,83,0.0013209408918738264,62752,62751,True,True,1,63458,0,0,0,0,1,5,False,True,0,,83
237,Crossmodel_12,62834,83,0.0013209408918738264,62752,62751,False,False,,,,,,0,8,8,False,True,0,,83
238,heatindex_HIS_DayMax,62834,83,0.0013209408918738264,62611,62610,True,False,26.541812900000000,107.121579490000002,0,0,,0,18,19,False,False,0,,83
239,heatindex_HIS_SeaMax,62834,83,0.0013209408918738264,62625,62624,True,False,35.960673010000001,131.667566940000000,0,0,,0,18,19,False,False,0,,83
240,heatindex_HIS_Day95,62834,83,0.0013209408918738264,12267,12266,True,False,0.000000000000000,78.799997970000007,0,19707,,0,17,18,False,False,1,0.000000000000000,19707
241,heatindex_HIS_Day105,62834,83,0.0013209408918738264,4886,4885,True,False,0.000000000000000,42.866665519999998,0,32960,,0,17,18,False,False,1,0.000000000000000,32960
242,heatindex_HIS_Day115,62834,83,0.0013209408918738264,294,293,True,False,0.000000000000000,16.966666860000000,0,48975,,0,17,18,False,False,1,0.000000000000000,48975
243,heatindex_HIS_Day125,62834,83,0.0013209408918738264,116,115,True,False,0.000000000000000,11.733333269999999,0,54443,,0,17,18,False,False,1,0.000000000000000,54443
244,heatindex_M85_DayMax,62834,83,0.0013209408918738264,62652,62651,True,False,29.891907369999998,117.152496339999999,0,0,,0,18,19,False,False,0,,83
245,heatindex_M85_SeaMax,62834,83,0.0013209408918738264,62673,62672,True,False,37.659868879999998,142.907671609999994,0,0,,0,18,19,False,False,0,,83
246,heatindex_M85_Day95,62834,83,0.0013209408918738264,11896,11895,True,False,0.000000000000000,86.899998980000007,0,10944,,0,17,18,False,False,1,0.000000000000000,10944
247,heatindex_M85_Day105,62834,83,0.0013209408918738264,11052,11051,True,False,0.000000000000000,66.033334100000005,0,14647,,0,17,18,False,False,1,0.000000000000000,14647
248,heatindex_M85_Day115,62834,83,0.0013209408918738264,6286,6285,True,False,0.000000000000000,34.599999750000002,0,16157,,0,17,18,False,False,1,0.000000000000000,16157
249,heatindex_M85_Day125,62834,83,0.0013209408918738264,3521,3520,True,False,0.000000000000000,26.433333709999999,0,17256,,0,17,18,False,False,1,0.000000000000000,17256
250,heatindex_E85_DayMax,62834,83,0.0013209408918738264,62650,62649,True,False,33.497118630000003,135.198733010000012,0,0,,0,18,19,False,False,0,,83
251,heatindex_E85_SeaMax,62834,83,0.0013209408918738264,62649,62648,True,False,39.952598569999999,153.541765849999990,0,0,,0,18,19,False,False,0,,83
252,heatindex_E85_Day95,62834,83,0.0013209408918738264,9815,9814,True,False,0.000000000000000,90.300000510000004,0,7141,,0,17,18,False,False,1,0.000000000000000,7141
253,heatindex_E85_Day105,62834,83,0.0013209408918738264,9902,9901,True,False,0.000000000000000,85.666666669999998,0,11815,,0,17,18,False,False,1,0.000000000000000,11815
254,heatindex_E85_Day115,62834,83,0.0013209408918738264,9122,9121,True,False,0.000000000000000,80.033332819999998,0,13684,,0,17,18,False,False,1,0.000000000000000,13684
255,heatindex_E85_Day125,62834,83,0.0013209408918738264,7665,7664,True,False,0.000000000000000,71.066666920000003,0,14914,,0,17,18,False,False,1,0.000000000000000,14914
256,heatindex_C_M85_DMax,62834,83,0.0013209408918738264,61775,61774,True,False,1.113239290000000,16.019785559999999,0,0,,0,17,18,False,False,0,,83
257,heatindex_C_M85_SMax,62834,83,0.0013209408918738264,62493,62492,True,False,0.398766840000000,28.199274700000000,0,0,,0,17,18,False,False,0,,83
258,heatindex_C_M85_D95,62834,83,0.0013209408918738264,21663,21662,True,False,-0.066666670000000,50.499999870000003,8,10956,,0,17,18,False,False,0,0.000000000000000,10956
259,heatindex_C_M85_D105,62834,83,0.0013209408918738264,18417,18416,True,False,0.000000000000000,44.599999670000003,0,14647,,0,17,18,False,False,1,0.000000000000000,14647
260,heatindex_C_M85_D115,62834,83,0.0013209408918738264,7173,7172,True,False,-0.033333330000000,30.000000060000001,1,16157,,0,17,18,False,False,0,0.000000000000000,16157
261,heatindex_C_M85_D125,62834,83,0.0013209408918738264,3971,3970,True,False,0.000000000000000,20.800000350000001,0,17256,,0,17,18,False,False,1,0.000000000000000,17256
262,heatindex_C_E85_DMax,62834,83,0.0013209408918738264,62235,62234,True,False,2.595638280000000,40.637987770000002,0,0,,0,17,18,False,False,0,,83
263,heatindex_C_E85_SMax,62834,83,0.0013209408918738264,62556,62555,True,False,1.820859270000000,47.304850260000002,0,0,,0,17,18,False,False,0,,83
264,heatindex_C_E85_D95,62834,83,0.0013209408918738264,33043,33042,True,False,0.000000000000000,70.066666920000003,0,7141,,0,17,18,False,False,1,0.000000000000000,7141
265,heatindex_C_E85_D105,62834,83,0.0013209408918738264,27918,27917,True,False,0.000000000000000,83.033335800000003,0,11815,,0,17,18,False,False,1,0.000000000000000,11815
266,heatindex_C_E85_D115,62834,83,0.0013209408918738264,15176,15175,True,False,-0.033333330000000,79.133332839999994,1,13683,,0,17,18,False,False,0,0.000000000000000,13683
267,heatindex_C_E85_D125,62834,83,0.0013209408918738264,10274,10273,True,False,0.000000000000000,70.666666910000004,0,14915,,0,17,18,False,False,1,0.000000000000000,14915
268,GlobalID,62834,83,0.0013209408918738264,62752,62751,False,False,,,,,,0,38,38,False,True,0,,83
269,created_us,62834,83,0.0013209408918738264,2,1,False,False,,,,,,0,6,6,True,False,0,CBURDI,62751
270,created_da,62834,83,0.0013209408918738264,2,1,False,False,,,,,,0,17,17,True,False,0,9/13/2023 0:00:00,62751
271,last_edite,62834,83,0.0013209408918738264,2,1,False,False,,,,,,0,6,6,True,False,0,CBURDI,62751
272,last_edi_1,62834,83,0.0013209408918738264,2,1,False,False,,,,,,0,17,17,True,False,0,9/13/2023 0:00:00,62751
273,Shape_STAr,62834,83,0.0013209408918738264,62752,62751,True,False,166923736.009000003337860,1066141888.320000052452087,0,0,,0,25,26,False,True,0,,83
274,Shape_STLe,62834,83,0.0013209408918738264,62752,62751,True,False,51679.594402000002447,130607.422556000004988,0,0,,0,21,22,False,True,0,,83
