pair_id,claim_id,claim_type,is_background_citation,claim_validation_status,prototype_id,all_compatible,n_incompatible,concept_status,concept_rule_id,concept_claim_value,concept_prototype_value,concept_reason,geography_status,geography_rule_id,geography_claim_value,geography_prototype_value,geography_reason,time_status,time_rule_id,time_claim_value,time_prototype_value,time_reason,scenario_status,scenario_rule_id,scenario_claim_value,scenario_prototype_value,scenario_reason,direction_status,direction_rule_id,direction_claim_value,direction_prototype_value,direction_reason
LIT-000191-C1__P-CELL-1,LIT-000191-C1,finding,False,single_reader_provisional,P-CELL-1,False,0,not_evaluable,C-1,"[explicit] increases in temperature and CO 2; larval survival, development, growth, and lipid synthesis",fwi_seasonal_value,no_approved_mapping,not_evaluable,G-3,"[inferred] Northwest Atlantic (the region of the species studied, per the title); the experiments were laboratory treatments",cell: R106C361 (verified_from_dictionary),claim_geography_not_explicit,not_evaluable,U-1,[unknown] unknown,"future [2085, 2094]",claim_value_unknown,not_evaluable,U-1,[unknown] unknown,RCP8.5,claim_value_unknown,not_evaluable,D-1,[explicit] each significantly depressed; effects additive,increase,concept_not_comparable
LIT-000191-C1__P-COUNTY-1,LIT-000191-C1,finding,False,single_reader_provisional,P-COUNTY-1,False,0,not_evaluable,C-1,"[explicit] increases in temperature and CO 2; larval survival, development, growth, and lipid synthesis",fwi_seasonal_value,no_approved_mapping,not_evaluable,G-3,"[inferred] Northwest Atlantic (the region of the species studied, per the title); the experiments were laboratory treatments","county: Oklahoma, Stephens (inferred_candidate)",claim_geography_not_explicit,not_evaluable,U-1,[unknown] unknown,"future [2085, 2094]",claim_value_unknown,not_evaluable,U-1,[unknown] unknown,RCP8.5,claim_value_unknown,not_evaluable,D-1,[explicit] each significantly depressed; effects additive,increase,concept_not_comparable
LIT-000191-C1__P-STATE-1,LIT-000191-C1,finding,False,single_reader_provisional,P-STATE-1,False,0,not_evaluable,C-1,"[explicit] increases in temperature and CO 2; larval survival, development, growth, and lipid synthesis",heatindex_days_above_105F,no_approved_mapping,not_evaluable,G-3,"[inferred] Northwest Atlantic (the region of the species studied, per the title); the experiments were laboratory treatments",state: California (inferred_candidate),claim_geography_not_explicit,not_evaluable,U-1,[unknown] unknown,no year range in record: 'End-Century',claim_value_unknown,not_evaluable,U-1,[unknown] unknown,RCP8.5,claim_value_unknown,not_evaluable,D-1,[explicit] each significantly depressed; effects additive,increase,concept_not_comparable
LIT-000191-C2__P-CELL-1,LIT-000191-C2,finding,False,single_reader_provisional,P-CELL-1,False,0,not_evaluable,C-1,[explicit] higher temperatures; higher CO 2 concentrations; juvenile bivalves,fwi_seasonal_value,no_approved_mapping,not_evaluable,G-3,"[inferred] Northwest Atlantic (the region of the species studied, per the title); the experiments were laboratory treatments",cell: R106C361 (verified_from_dictionary),claim_geography_not_explicit,not_evaluable,U-1,[unknown] unknown,"future [2085, 2094]",claim_value_unknown,not_evaluable,U-1,[unknown] unknown,RCP8.5,claim_value_unknown,not_evaluable,D-1,"[explicit] negatively impacted / negatively affected, species-dependent",increase,concept_not_comparable
LIT-000191-C2__P-COUNTY-1,LIT-000191-C2,finding,False,single_reader_provisional,P-COUNTY-1,False,0,not_evaluable,C-1,[explicit] higher temperatures; higher CO 2 concentrations; juvenile bivalves,fwi_seasonal_value,no_approved_mapping,not_evaluable,G-3,"[inferred] Northwest Atlantic (the region of the species studied, per the title); the experiments were laboratory treatments","county: Oklahoma, Stephens (inferred_candidate)",claim_geography_not_explicit,not_evaluable,U-1,[unknown] unknown,"future [2085, 2094]",claim_value_unknown,not_evaluable,U-1,[unknown] unknown,RCP8.5,claim_value_unknown,not_evaluable,D-1,"[explicit] negatively impacted / negatively affected, species-dependent",increase,concept_not_comparable
LIT-000191-C2__P-STATE-1,LIT-000191-C2,finding,False,single_reader_provisional,P-STATE-1,False,0,not_evaluable,C-1,[explicit] higher temperatures; higher CO 2 concentrations; juvenile bivalves,heatindex_days_above_105F,no_approved_mapping,not_evaluable,G-3,"[inferred] Northwest Atlantic (the region of the species studied, per the title); the experiments were laboratory treatments",state: California (inferred_candidate),claim_geography_not_explicit,not_evaluable,U-1,[unknown] unknown,no year range in record: 'End-Century',claim_value_unknown,not_evaluable,U-1,[unknown] unknown,RCP8.5,claim_value_unknown,not_evaluable,D-1,"[explicit] negatively impacted / negatively affected, species-dependent",increase,concept_not_comparable
LIT-000191-C3__P-CELL-1,LIT-000191-C3,finding,False,single_reader_provisional,P-CELL-1,False,0,not_evaluable,C-1,[explicit] elevated CO 2; larval versus juvenile vulnerability,fwi_seasonal_value,no_approved_mapping,not_evaluable,G-3,"[inferred] Northwest Atlantic (the region of the species studied, per the title); the experiments were laboratory treatments",cell: R106C361 (verified_from_dictionary),claim_geography_not_explicit,not_evaluable,U-1,[unknown] unknown,"future [2085, 2094]",claim_value_unknown,not_evaluable,U-1,[unknown] unknown,RCP8.5,claim_value_unknown,not_evaluable,D-1,[explicit] larvae substantially more vulnerable than juveniles,increase,concept_not_comparable
LIT-000191-C3__P-COUNTY-1,LIT-000191-C3,finding,False,single_reader_provisional,P-COUNTY-1,False,0,not_evaluable,C-1,[explicit] elevated CO 2; larval versus juvenile vulnerability,fwi_seasonal_value,no_approved_mapping,not_evaluable,G-3,"[inferred] Northwest Atlantic (the region of the species studied, per the title); the experiments were laboratory treatments","county: Oklahoma, Stephens (inferred_candidate)",claim_geography_not_explicit,not_evaluable,U-1,[unknown] unknown,"future [2085, 2094]",claim_value_unknown,not_evaluable,U-1,[unknown] unknown,RCP8.5,claim_value_unknown,not_evaluable,D-1,[explicit] larvae substantially more vulnerable than juveniles,increase,concept_not_comparable
LIT-000191-C3__P-STATE-1,LIT-000191-C3,finding,False,single_reader_provisional,P-STATE-1,False,0,not_evaluable,C-1,[explicit] elevated CO 2; larval versus juvenile vulnerability,heatindex_days_above_105F,no_approved_mapping,not_evaluable,G-3,"[inferred] Northwest Atlantic (the region of the species studied, per the title); the experiments were laboratory treatments",state: California (inferred_candidate),claim_geography_not_explicit,not_evaluable,U-1,[unknown] unknown,no year range in record: 'End-Century',claim_value_unknown,not_evaluable,U-1,[unknown] unknown,RCP8.5,claim_value_unknown,not_evaluable,D-1,[explicit] larvae substantially more vulnerable than juveniles,increase,concept_not_comparable
LIT-000191-C4__P-CELL-1,LIT-000191-C4,projection,False,single_reader_provisional,P-CELL-1,False,0,not_evaluable,C-1,[explicit] current and future increases in temperature and CO 2; coastal bivalve populations,fwi_seasonal_value,no_approved_mapping,not_evaluable,U-1,[unknown] unknown,cell: R106C361 (verified_from_dictionary),claim_value_unknown,not_evaluable,T-3,[explicit] current and future (horizon not stated),"future [2085, 2094]",claim_has_no_explicit_year_range,not_evaluable,U-1,[unknown] unknown,RCP8.5,claim_value_unknown,not_evaluable,D-1,"[explicit] likely negative consequences (hedged: 'suggest', 'likely')",increase,concept_not_comparable
LIT-000191-C4__P-COUNTY-1,LIT-000191-C4,projection,False,single_reader_provisional,P-COUNTY-1,False,0,not_evaluable,C-1,[explicit] current and future increases in temperature and CO 2; coastal bivalve populations,fwi_seasonal_value,no_approved_mapping,not_evaluable,U-1,[unknown] unknown,"county: Oklahoma, Stephens (inferred_candidate)",claim_value_unknown,not_evaluable,T-3,[explicit] current and future (horizon not stated),"future [2085, 2094]",claim_has_no_explicit_year_range,not_evaluable,U-1,[unknown] unknown,RCP8.5,claim_value_unknown,not_evaluable,D-1,"[explicit] likely negative consequences (hedged: 'suggest', 'likely')",increase,concept_not_comparable
LIT-000191-C4__P-STATE-1,LIT-000191-C4,projection,False,single_reader_provisional,P-STATE-1,False,0,not_evaluable,C-1,[explicit] current and future increases in temperature and CO 2; coastal bivalve populations,heatindex_days_above_105F,no_approved_mapping,not_evaluable,U-1,[unknown] unknown,state: California (inferred_candidate),claim_value_unknown,not_evaluable,T-3,[explicit] current and future (horizon not stated),no year range in record: 'End-Century',claim_has_no_explicit_year_range,not_evaluable,U-1,[unknown] unknown,RCP8.5,claim_value_unknown,not_evaluable,D-1,"[explicit] likely negative consequences (hedged: 'suggest', 'likely')",increase,concept_not_comparable
LIT-000381-C1__P-CELL-1,LIT-000381-C1,finding,False,single_reader_provisional,P-CELL-1,False,2,not_evaluable,C-1,[explicit] functional (species) composition; drought tolerance traits; soil dryness and disturbance,fwi_seasonal_value,no_approved_mapping,incompatible,G-2,"[explicit] old-growth subtropical forest in southern China (Dinghushan natural reserve, Guangdong) -> matched 'China'",cell: R106C361 (verified_from_dictionary),explicit_place_outside_united_states,incompatible,T-2,[explicit] past 24 years (censuses 1992-2015) -> 1992-2015,"future [2085, 2094]",historical_finding_ends_before_2045,not_evaluable,U-1,[unknown] unknown,RCP8.5,claim_value_unknown,not_evaluable,D-1,[explicit] shifted to favor ... high drought tolerance; due to soil dryness and disturbance,increase,concept_not_comparable
LIT-000381-C1__P-COUNTY-1,LIT-000381-C1,finding,False,single_reader_provisional,P-COUNTY-1,False,2,not_evaluable,C-1,[explicit] functional (species) composition; drought tolerance traits; soil dryness and disturbance,fwi_seasonal_value,no_approved_mapping,incompatible,G-2,"[explicit] old-growth subtropical forest in southern China (Dinghushan natural reserve, Guangdong) -> matched 'China'","county: Oklahoma, Stephens (inferred_candidate)",explicit_place_outside_united_states,incompatible,T-2,[explicit] past 24 years (censuses 1992-2015) -> 1992-2015,"future [2085, 2094]",historical_finding_ends_before_2045,not_evaluable,U-1,[unknown] unknown,RCP8.5,claim_value_unknown,not_evaluable,D-1,[explicit] shifted to favor ... high drought tolerance; due to soil dryness and disturbance,increase,concept_not_comparable
LIT-000381-C1__P-STATE-1,LIT-000381-C1,finding,False,single_reader_provisional,P-STATE-1,False,1,not_evaluable,C-1,[explicit] functional (species) composition; drought tolerance traits; soil dryness and disturbance,heatindex_days_above_105F,no_approved_mapping,incompatible,G-2,"[explicit] old-growth subtropical forest in southern China (Dinghushan natural reserve, Guangdong) -> matched 'China'",state: California (inferred_candidate),explicit_place_outside_united_states,not_evaluable,T-3,[explicit] past 24 years (censuses 1992-2015) -> 1992-2015,no year range in record: 'End-Century',prototype_window_has_no_year_range,not_evaluable,U-1,[unknown] unknown,RCP8.5,claim_value_unknown,not_evaluable,D-1,[explicit] shifted to favor ... high drought tolerance; due to soil dryness and disturbance,increase,concept_not_comparable
LIT-000381-C2__P-CELL-1,LIT-000381-C2,finding,False,single_reader_provisional,P-CELL-1,False,2,not_evaluable,C-1,[explicit] soil dryness and disturbance; quadrats' trait value changes,fwi_seasonal_value,no_approved_mapping,incompatible,G-2,"[explicit] old-growth subtropical forest in southern China (Dinghushan natural reserve, Guangdong) -> matched 'China'",cell: R106C361 (verified_from_dictionary),explicit_place_outside_united_states,incompatible,T-2,[explicit] past 24 years (censuses 1992-2015) -> 1992-2015,"future [2085, 2094]",historical_finding_ends_before_2045,not_evaluable,U-1,[unknown] unknown,RCP8.5,claim_value_unknown,not_evaluable,D-1,[explicit] explained 47-58% together,increase,concept_not_comparable
LIT-000381-C2__P-COUNTY-1,LIT-000381-C2,finding,False,single_reader_provisional,P-COUNTY-1,False,2,not_evaluable,C-1,[explicit] soil dryness and disturbance; quadrats' trait value changes,fwi_seasonal_value,no_approved_mapping,incompatible,G-2,"[explicit] old-growth subtropical forest in southern China (Dinghushan natural reserve, Guangdong) -> matched 'China'","county: Oklahoma, Stephens (inferred_candidate)",explicit_place_outside_united_states,incompatible,T-2,[explicit] past 24 years (censuses 1992-2015) -> 1992-2015,"future [2085, 2094]",historical_finding_ends_before_2045,not_evaluable,U-1,[unknown] unknown,RCP8.5,claim_value_unknown,not_evaluable,D-1,[explicit] explained 47-58% together,increase,concept_not_comparable
LIT-000381-C2__P-STATE-1,LIT-000381-C2,finding,False,single_reader_provisional,P-STATE-1,False,1,not_evaluable,C-1,[explicit] soil dryness and disturbance; quadrats' trait value changes,heatindex_days_above_105F,no_approved_mapping,incompatible,G-2,"[explicit] old-growth subtropical forest in southern China (Dinghushan natural reserve, Guangdong) -> matched 'China'",state: California (inferred_candidate),explicit_place_outside_united_states,not_evaluable,T-3,[explicit] past 24 years (censuses 1992-2015) -> 1992-2015,no year range in record: 'End-Century',prototype_window_has_no_year_range,not_evaluable,U-1,[unknown] unknown,RCP8.5,claim_value_unknown,not_evaluable,D-1,[explicit] explained 47-58% together,increase,concept_not_comparable
LIT-000381-C3__P-CELL-1,LIT-000381-C3,mechanism,False,single_reader_provisional,P-CELL-1,False,0,not_evaluable,C-1,[explicit] increasing drought tolerance; soil dryness; disturbance,fwi_seasonal_value,no_approved_mapping,not_evaluable,G-3,"[explicit] DHS plot (Dinghushan), monsoon evergreen broad-leaved forest",cell: R106C361 (verified_from_dictionary),no_exact_label_match_and_no_listed_disjoint_place,not_evaluable,T-3,[explicit] past 24 years (censuses 1992-2015) -> 1992-2015,"future [2085, 2094]",claim_type_not_finding,not_evaluable,U-1,[unknown] unknown,RCP8.5,claim_value_unknown,not_evaluable,D-1,[explicit] likely due to soil dryness but not disturbance (hedged),increase,concept_not_comparable
LIT-000381-C3__P-COUNTY-1,LIT-000381-C3,mechanism,False,single_reader_provisional,P-COUNTY-1,False,0,not_evaluable,C-1,[explicit] increasing drought tolerance; soil dryness; disturbance,fwi_seasonal_value,no_approved_mapping,not_evaluable,G-3,"[explicit] DHS plot (Dinghushan), monsoon evergreen broad-leaved forest","county: Oklahoma, Stephens (inferred_candidate)",no_exact_label_match_and_no_listed_disjoint_place,not_evaluable,T-3,[explicit] past 24 years (censuses 1992-2015) -> 1992-2015,"future [2085, 2094]",claim_type_not_finding,not_evaluable,U-1,[unknown] unknown,RCP8.5,claim_value_unknown,not_evaluable,D-1,[explicit] likely due to soil dryness but not disturbance (hedged),increase,concept_not_comparable
LIT-000381-C3__P-STATE-1,LIT-000381-C3,mechanism,False,single_reader_provisional,P-STATE-1,False,0,not_evaluable,C-1,[explicit] increasing drought tolerance; soil dryness; disturbance,heatindex_days_above_105F,no_approved_mapping,not_evaluable,G-3,"[explicit] DHS plot (Dinghushan), monsoon evergreen broad-leaved forest",state: California (inferred_candidate),no_exact_label_match_and_no_listed_disjoint_place,not_evaluable,T-3,[explicit] past 24 years (censuses 1992-2015) -> 1992-2015,no year range in record: 'End-Century',prototype_window_has_no_year_range,not_evaluable,U-1,[unknown] unknown,RCP8.5,claim_value_unknown,not_evaluable,D-1,[explicit] likely due to soil dryness but not disturbance (hedged),increase,concept_not_comparable
LIT-000381-C4__P-CELL-1,LIT-000381-C4,background_citation,True,single_reader_provisional,P-CELL-1,False,1,not_evaluable,C-1,[explicit] regional warming and precipitation patterns; annual relative humidity; soil water contents within root zone,fwi_seasonal_value,no_approved_mapping,incompatible,G-2,"[explicit] the study site: Dinghushan natural reserve, Guangdong Province, southern China -> matched 'China'",cell: R106C361 (verified_from_dictionary),explicit_place_outside_united_states,not_evaluable,T-3,[explicit] past decades,"future [2085, 2094]",claim_has_no_explicit_year_range,not_evaluable,U-1,[unknown] unknown,RCP8.5,claim_value_unknown,not_evaluable,D-1,[explicit] led to decrease,increase,concept_not_comparable
LIT-000381-C4__P-COUNTY-1,LIT-000381-C4,background_citation,True,single_reader_provisional,P-COUNTY-1,False,1,not_evaluable,C-1,[explicit] regional warming and precipitation patterns; annual relative humidity; soil water contents within root zone,fwi_seasonal_value,no_approved_mapping,incompatible,G-2,"[explicit] the study site: Dinghushan natural reserve, Guangdong Province, southern China -> matched 'China'","county: Oklahoma, Stephens (inferred_candidate)",explicit_place_outside_united_states,not_evaluable,T-3,[explicit] past decades,"future [2085, 2094]",claim_has_no_explicit_year_range,not_evaluable,U-1,[unknown] unknown,RCP8.5,claim_value_unknown,not_evaluable,D-1,[explicit] led to decrease,increase,concept_not_comparable
LIT-000381-C4__P-STATE-1,LIT-000381-C4,background_citation,True,single_reader_provisional,P-STATE-1,False,1,not_evaluable,C-1,[explicit] regional warming and precipitation patterns; annual relative humidity; soil water contents within root zone,heatindex_days_above_105F,no_approved_mapping,incompatible,G-2,"[explicit] the study site: Dinghushan natural reserve, Guangdong Province, southern China -> matched 'China'",state: California (inferred_candidate),explicit_place_outside_united_states,not_evaluable,T-3,[explicit] past decades,no year range in record: 'End-Century',claim_has_no_explicit_year_range,not_evaluable,U-1,[unknown] unknown,RCP8.5,claim_value_unknown,not_evaluable,D-1,[explicit] led to decrease,increase,concept_not_comparable
LIT-000571-C1__P-CELL-1,LIT-000571-C1,finding,False,single_reader_provisional,P-CELL-1,False,1,not_evaluable,C-1,[explicit] mean annual precipitation; arid regime of the vegetation period,fwi_seasonal_value,no_approved_mapping,incompatible,G-2,"[explicit] Khorog and Ishkāshim measuring stations, Western Pamirs, Tajikistan -> matched 'Tajikistan'",cell: R106C361 (verified_from_dictionary),explicit_place_outside_united_states,not_evaluable,T-3,[explicit] vegetation period April to September (climatological period of the diagrams not stated),"future [2085, 2094]",claim_has_no_explicit_year_range,not_evaluable,U-1,[unknown] unknown,RCP8.5,claim_value_unknown,not_evaluable,D-1,[explicit] below the threshold for rainfed agriculture; strong arid regime,increase,concept_not_comparable
LIT-000571-C1__P-COUNTY-1,LIT-000571-C1,finding,False,single_reader_provisional,P-COUNTY-1,False,1,not_evaluable,C-1,[explicit] mean annual precipitation; arid regime of the vegetation period,fwi_seasonal_value,no_approved_mapping,incompatible,G-2,"[explicit] Khorog and Ishkāshim measuring stations, Western Pamirs, Tajikistan -> matched 'Tajikistan'","county: Oklahoma, Stephens (inferred_candidate)",explicit_place_outside_united_states,not_evaluable,T-3,[explicit] vegetation period April to September (climatological period of the diagrams not stated),"future [2085, 2094]",claim_has_no_explicit_year_range,not_evaluable,U-1,[unknown] unknown,RCP8.5,claim_value_unknown,not_evaluable,D-1,[explicit] below the threshold for rainfed agriculture; strong arid regime,increase,concept_not_comparable
LIT-000571-C1__P-STATE-1,LIT-000571-C1,finding,False,single_reader_provisional,P-STATE-1,False,1,not_evaluable,C-1,[explicit] mean annual precipitation; arid regime of the vegetation period,heatindex_days_above_105F,no_approved_mapping,incompatible,G-2,"[explicit] Khorog and Ishkāshim measuring stations, Western Pamirs, Tajikistan -> matched 'Tajikistan'",state: California (inferred_candidate),explicit_place_outside_united_states,not_evaluable,T-3,[explicit] vegetation period April to September (climatological period of the diagrams not stated),no year range in record: 'End-Century',claim_has_no_explicit_year_range,not_evaluable,U-1,[unknown] unknown,RCP8.5,claim_value_unknown,not_evaluable,D-1,[explicit] below the threshold for rainfed agriculture; strong arid regime,increase,concept_not_comparable
LIT-000571-C2__P-CELL-1,LIT-000571-C2,mechanism,False,single_reader_provisional,P-CELL-1,False,0,not_evaluable,C-1,[explicit] larger snow and ice masses; rather rare heavy rainfall; destructive mass movements,fwi_seasonal_value,no_approved_mapping,not_evaluable,G-3,[explicit] the Pamirs (high mountain context),cell: R106C361 (verified_from_dictionary),no_exact_label_match_and_no_listed_disjoint_place,not_evaluable,U-1,[unknown] unknown,"future [2085, 2094]",claim_value_unknown,not_evaluable,U-1,[unknown] unknown,RCP8.5,claim_value_unknown,not_evaluable,D-1,"[explicit] pose potential dangers; can trigger avalanches, mudflows, and slope erosion",increase,concept_not_comparable
LIT-000571-C2__P-COUNTY-1,LIT-000571-C2,mechanism,False,single_reader_provisional,P-COUNTY-1,False,0,not_evaluable,C-1,[explicit] larger snow and ice masses; rather rare heavy rainfall; destructive mass movements,fwi_seasonal_value,no_approved_mapping,not_evaluable,G-3,[explicit] the Pamirs (high mountain context),"county: Oklahoma, Stephens (inferred_candidate)",no_exact_label_match_and_no_listed_disjoint_place,not_evaluable,U-1,[unknown] unknown,"future [2085, 2094]",claim_value_unknown,not_evaluable,U-1,[unknown] unknown,RCP8.5,claim_value_unknown,not_evaluable,D-1,"[explicit] pose potential dangers; can trigger avalanches, mudflows, and slope erosion",increase,concept_not_comparable
LIT-000571-C2__P-STATE-1,LIT-000571-C2,mechanism,False,single_reader_provisional,P-STATE-1,False,0,not_evaluable,C-1,[explicit] larger snow and ice masses; rather rare heavy rainfall; destructive mass movements,heatindex_days_above_105F,no_approved_mapping,not_evaluable,G-3,[explicit] the Pamirs (high mountain context),state: California (inferred_candidate),no_exact_label_match_and_no_listed_disjoint_place,not_evaluable,U-1,[unknown] unknown,no year range in record: 'End-Century',claim_value_unknown,not_evaluable,U-1,[unknown] unknown,RCP8.5,claim_value_unknown,not_evaluable,D-1,"[explicit] pose potential dangers; can trigger avalanches, mudflows, and slope erosion",increase,concept_not_comparable
LIT-000571-C3__P-CELL-1,LIT-000571-C3,finding,False,single_reader_provisional,P-CELL-1,False,0,not_evaluable,C-1,[explicit] serious water scarcity; irrigation water distribution,fwi_seasonal_value,no_approved_mapping,not_evaluable,G-3,"[explicit] Shirgin Village, Ishkāshim District, Western Pamirs",cell: R106C361 (verified_from_dictionary),no_exact_label_match_and_no_listed_disjoint_place,not_evaluable,T-3,[explicit] summers with serious water scarcity,"future [2085, 2094]",claim_has_no_explicit_year_range,not_evaluable,U-1,[unknown] unknown,RCP8.5,claim_value_unknown,not_evaluable,D-1,[explicit] time slot shortened to less than one hour per beneficiary,increase,concept_not_comparable
LIT-000571-C3__P-COUNTY-1,LIT-000571-C3,finding,False,single_reader_provisional,P-COUNTY-1,False,0,not_evaluable,C-1,[explicit] serious water scarcity; irrigation water distribution,fwi_seasonal_value,no_approved_mapping,not_evaluable,G-3,"[explicit] Shirgin Village, Ishkāshim District, Western Pamirs","county: Oklahoma, Stephens (inferred_candidate)",no_exact_label_match_and_no_listed_disjoint_place,not_evaluable,T-3,[explicit] summers with serious water scarcity,"future [2085, 2094]",claim_has_no_explicit_year_range,not_evaluable,U-1,[unknown] unknown,RCP8.5,claim_value_unknown,not_evaluable,D-1,[explicit] time slot shortened to less than one hour per beneficiary,increase,concept_not_comparable
LIT-000571-C3__P-STATE-1,LIT-000571-C3,finding,False,single_reader_provisional,P-STATE-1,False,0,not_evaluable,C-1,[explicit] serious water scarcity; irrigation water distribution,heatindex_days_above_105F,no_approved_mapping,not_evaluable,G-3,"[explicit] Shirgin Village, Ishkāshim District, Western Pamirs",state: California (inferred_candidate),no_exact_label_match_and_no_listed_disjoint_place,not_evaluable,T-3,[explicit] summers with serious water scarcity,no year range in record: 'End-Century',claim_has_no_explicit_year_range,not_evaluable,U-1,[unknown] unknown,RCP8.5,claim_value_unknown,not_evaluable,D-1,[explicit] time slot shortened to less than one hour per beneficiary,increase,concept_not_comparable
LIT-000571-C4__P-CELL-1,LIT-000571-C4,finding,False,single_reader_provisional,P-CELL-1,False,0,not_evaluable,C-1,[explicit] acute water shortages,fwi_seasonal_value,no_approved_mapping,not_evaluable,G-3,"[explicit] Sizhd Village, Western Pamirs",cell: R106C361 (verified_from_dictionary),no_exact_label_match_and_no_listed_disjoint_place,not_evaluable,T-3,[explicit] after winters with low precipitation,"future [2085, 2094]",claim_has_no_explicit_year_range,not_evaluable,U-1,[unknown] unknown,RCP8.5,claim_value_unknown,not_evaluable,D-1,"[explicit] suffer the most, especially after winters with low precipitation",increase,concept_not_comparable
LIT-000571-C4__P-COUNTY-1,LIT-000571-C4,finding,False,single_reader_provisional,P-COUNTY-1,False,0,not_evaluable,C-1,[explicit] acute water shortages,fwi_seasonal_value,no_approved_mapping,not_evaluable,G-3,"[explicit] Sizhd Village, Western Pamirs","county: Oklahoma, Stephens (inferred_candidate)",no_exact_label_match_and_no_listed_disjoint_place,not_evaluable,T-3,[explicit] after winters with low precipitation,"future [2085, 2094]",claim_has_no_explicit_year_range,not_evaluable,U-1,[unknown] unknown,RCP8.5,claim_value_unknown,not_evaluable,D-1,"[explicit] suffer the most, especially after winters with low precipitation",increase,concept_not_comparable
LIT-000571-C4__P-STATE-1,LIT-000571-C4,finding,False,single_reader_provisional,P-STATE-1,False,0,not_evaluable,C-1,[explicit] acute water shortages,heatindex_days_above_105F,no_approved_mapping,not_evaluable,G-3,"[explicit] Sizhd Village, Western Pamirs",state: California (inferred_candidate),no_exact_label_match_and_no_listed_disjoint_place,not_evaluable,T-3,[explicit] after winters with low precipitation,no year range in record: 'End-Century',claim_has_no_explicit_year_range,not_evaluable,U-1,[unknown] unknown,RCP8.5,claim_value_unknown,not_evaluable,D-1,"[explicit] suffer the most, especially after winters with low precipitation",increase,concept_not_comparable
LIT-000571-C5__P-CELL-1,LIT-000571-C5,finding,False,single_reader_provisional,P-CELL-1,False,0,not_evaluable,C-1,[explicit] winters with little snow; irrigation water flow; cultivation choices,fwi_seasonal_value,no_approved_mapping,not_evaluable,G-3,"[explicit] municipality of Porshnev, Western Pamirs",cell: R106C361 (verified_from_dictionary),no_exact_label_match_and_no_listed_disjoint_place,not_evaluable,T-3,[explicit] after winters with little snow,"future [2085, 2094]",claim_has_no_explicit_year_range,not_evaluable,U-1,[unknown] unknown,RCP8.5,claim_value_unknown,not_evaluable,D-1,"[explicit] shift to early ripening, less water-needy fodder plants",increase,concept_not_comparable
LIT-000571-C5__P-COUNTY-1,LIT-000571-C5,finding,False,single_reader_provisional,P-COUNTY-1,False,0,not_evaluable,C-1,[explicit] winters with little snow; irrigation water flow; cultivation choices,fwi_seasonal_value,no_approved_mapping,not_evaluable,G-3,"[explicit] municipality of Porshnev, Western Pamirs","county: Oklahoma, Stephens (inferred_candidate)",no_exact_label_match_and_no_listed_disjoint_place,not_evaluable,T-3,[explicit] after winters with little snow,"future [2085, 2094]",claim_has_no_explicit_year_range,not_evaluable,U-1,[unknown] unknown,RCP8.5,claim_value_unknown,not_evaluable,D-1,"[explicit] shift to early ripening, less water-needy fodder plants",increase,concept_not_comparable
LIT-000571-C5__P-STATE-1,LIT-000571-C5,finding,False,single_reader_provisional,P-STATE-1,False,0,not_evaluable,C-1,[explicit] winters with little snow; irrigation water flow; cultivation choices,heatindex_days_above_105F,no_approved_mapping,not_evaluable,G-3,"[explicit] municipality of Porshnev, Western Pamirs",state: California (inferred_candidate),no_exact_label_match_and_no_listed_disjoint_place,not_evaluable,T-3,[explicit] after winters with little snow,no year range in record: 'End-Century',claim_has_no_explicit_year_range,not_evaluable,U-1,[unknown] unknown,RCP8.5,claim_value_unknown,not_evaluable,D-1,"[explicit] shift to early ripening, less water-needy fodder plants",increase,concept_not_comparable
LIT-001141-C1__P-CELL-1,LIT-001141-C1,finding,False,single_reader_provisional,P-CELL-1,False,0,not_evaluable,C-1,[explicit] land surface temperature during UHI events,fwi_seasonal_value,no_approved_mapping,not_evaluable,G-3,[explicit] urban settlement areas of Bangalore,cell: R106C361 (verified_from_dictionary),no_exact_label_match_and_no_listed_disjoint_place,not_evaluable,T-3,"[explicit] UHI events of April, 2001 and 2021","future [2085, 2094]",claim_has_no_explicit_year_range,not_evaluable,U-1,[unknown] unknown,RCP8.5,claim_value_unknown,not_evaluable,D-1,[explicit] increased about 0.34 °C per year (urban) vs 0.14 °C per year (non-urban),increase,concept_not_comparable
LIT-001141-C1__P-COUNTY-1,LIT-001141-C1,finding,False,single_reader_provisional,P-COUNTY-1,False,0,not_evaluable,C-1,[explicit] land surface temperature during UHI events,fwi_seasonal_value,no_approved_mapping,not_evaluable,G-3,[explicit] urban settlement areas of Bangalore,"county: Oklahoma, Stephens (inferred_candidate)",no_exact_label_match_and_no_listed_disjoint_place,not_evaluable,T-3,"[explicit] UHI events of April, 2001 and 2021","future [2085, 2094]",claim_has_no_explicit_year_range,not_evaluable,U-1,[unknown] unknown,RCP8.5,claim_value_unknown,not_evaluable,D-1,[explicit] increased about 0.34 °C per year (urban) vs 0.14 °C per year (non-urban),increase,concept_not_comparable
LIT-001141-C1__P-STATE-1,LIT-001141-C1,finding,False,single_reader_provisional,P-STATE-1,False,0,not_evaluable,C-1,[explicit] land surface temperature during UHI events,heatindex_days_above_105F,no_approved_mapping,not_evaluable,G-3,[explicit] urban settlement areas of Bangalore,state: California (inferred_candidate),no_exact_label_match_and_no_listed_disjoint_place,not_evaluable,T-3,"[explicit] UHI events of April, 2001 and 2021",no year range in record: 'End-Century',claim_has_no_explicit_year_range,not_evaluable,U-1,[unknown] unknown,RCP8.5,claim_value_unknown,not_evaluable,D-1,[explicit] increased about 0.34 °C per year (urban) vs 0.14 °C per year (non-urban),increase,concept_not_comparable
LIT-001141-C2__P-CELL-1,LIT-001141-C2,finding,False,single_reader_provisional,P-CELL-1,False,2,not_evaluable,C-1,[explicit] mean-modeled land surface temperature (LST),fwi_seasonal_value,no_approved_mapping,incompatible,G-2,"[explicit] Bangalore city, India -> matched 'India'",cell: R106C361 (verified_from_dictionary),explicit_place_outside_united_states,incompatible,T-2,"[explicit] April months, 2001 to 2021 -> 2001-2021","future [2085, 2094]",historical_finding_ends_before_2045,not_evaluable,U-1,[unknown] unknown,RCP8.5,claim_value_unknown,not_evaluable,D-1,"[explicit] increasing trend, slope 0.247 °C per year vs 0.056 °C per year in non-urbanized areas",increase,concept_not_comparable
LIT-001141-C2__P-COUNTY-1,LIT-001141-C2,finding,False,single_reader_provisional,P-COUNTY-1,False,2,not_evaluable,C-1,[explicit] mean-modeled land surface temperature (LST),fwi_seasonal_value,no_approved_mapping,incompatible,G-2,"[explicit] Bangalore city, India -> matched 'India'","county: Oklahoma, Stephens (inferred_candidate)",explicit_place_outside_united_states,incompatible,T-2,"[explicit] April months, 2001 to 2021 -> 2001-2021","future [2085, 2094]",historical_finding_ends_before_2045,not_evaluable,U-1,[unknown] unknown,RCP8.5,claim_value_unknown,not_evaluable,D-1,"[explicit] increasing trend, slope 0.247 °C per year vs 0.056 °C per year in non-urbanized areas",increase,concept_not_comparable
LIT-001141-C2__P-STATE-1,LIT-001141-C2,finding,False,single_reader_provisional,P-STATE-1,False,1,not_evaluable,C-1,[explicit] mean-modeled land surface temperature (LST),heatindex_days_above_105F,no_approved_mapping,incompatible,G-2,"[explicit] Bangalore city, India -> matched 'India'",state: California (inferred_candidate),explicit_place_outside_united_states,not_evaluable,T-3,"[explicit] April months, 2001 to 2021 -> 2001-2021",no year range in record: 'End-Century',prototype_window_has_no_year_range,not_evaluable,U-1,[unknown] unknown,RCP8.5,claim_value_unknown,not_evaluable,D-1,"[explicit] increasing trend, slope 0.247 °C per year vs 0.056 °C per year in non-urbanized areas",increase,concept_not_comparable
LIT-001141-C3__P-CELL-1,LIT-001141-C3,finding,False,single_reader_provisional,P-CELL-1,False,2,not_evaluable,C-1,[explicit] UHI temperature events,fwi_seasonal_value,no_approved_mapping,incompatible,G-2,"[explicit] Bangalore city, India -> matched 'India'",cell: R106C361 (verified_from_dictionary),explicit_place_outside_united_states,incompatible,T-2,"[explicit] 2001 to 2021, same month (April) -> 2001-2021","future [2085, 2094]",historical_finding_ends_before_2045,not_evaluable,U-1,[unknown] unknown,RCP8.5,claim_value_unknown,not_evaluable,D-1,[explicit] increased in intensity (3.25 °C),increase,concept_not_comparable
LIT-001141-C3__P-COUNTY-1,LIT-001141-C3,finding,False,single_reader_provisional,P-COUNTY-1,False,2,not_evaluable,C-1,[explicit] UHI temperature events,fwi_seasonal_value,no_approved_mapping,incompatible,G-2,"[explicit] Bangalore city, India -> matched 'India'","county: Oklahoma, Stephens (inferred_candidate)",explicit_place_outside_united_states,incompatible,T-2,"[explicit] 2001 to 2021, same month (April) -> 2001-2021","future [2085, 2094]",historical_finding_ends_before_2045,not_evaluable,U-1,[unknown] unknown,RCP8.5,claim_value_unknown,not_evaluable,D-1,[explicit] increased in intensity (3.25 °C),increase,concept_not_comparable
LIT-001141-C3__P-STATE-1,LIT-001141-C3,finding,False,single_reader_provisional,P-STATE-1,False,1,not_evaluable,C-1,[explicit] UHI temperature events,heatindex_days_above_105F,no_approved_mapping,incompatible,G-2,"[explicit] Bangalore city, India -> matched 'India'",state: California (inferred_candidate),explicit_place_outside_united_states,not_evaluable,T-3,"[explicit] 2001 to 2021, same month (April) -> 2001-2021",no year range in record: 'End-Century',prototype_window_has_no_year_range,not_evaluable,U-1,[unknown] unknown,RCP8.5,claim_value_unknown,not_evaluable,D-1,[explicit] increased in intensity (3.25 °C),increase,concept_not_comparable
LIT-001141-C4__P-CELL-1,LIT-001141-C4,finding,False,single_reader_provisional,P-CELL-1,False,1,not_evaluable,C-1,[explicit] annual average temperature of MODIS,fwi_seasonal_value,no_approved_mapping,incompatible,G-2,"[explicit] Bangalore city, India -> matched 'India'",cell: R106C361 (verified_from_dictionary),explicit_place_outside_united_states,not_evaluable,T-3,"[explicit] 2001, 2011, and 2021","future [2085, 2094]",claim_has_no_explicit_year_range,not_evaluable,U-1,[unknown] unknown,RCP8.5,claim_value_unknown,not_evaluable,D-1,[explicit] did not show any significant changes,increase,concept_not_comparable
LIT-001141-C4__P-COUNTY-1,LIT-001141-C4,finding,False,single_reader_provisional,P-COUNTY-1,False,1,not_evaluable,C-1,[explicit] annual average temperature of MODIS,fwi_seasonal_value,no_approved_mapping,incompatible,G-2,"[explicit] Bangalore city, India -> matched 'India'","county: Oklahoma, Stephens (inferred_candidate)",explicit_place_outside_united_states,not_evaluable,T-3,"[explicit] 2001, 2011, and 2021","future [2085, 2094]",claim_has_no_explicit_year_range,not_evaluable,U-1,[unknown] unknown,RCP8.5,claim_value_unknown,not_evaluable,D-1,[explicit] did not show any significant changes,increase,concept_not_comparable
LIT-001141-C4__P-STATE-1,LIT-001141-C4,finding,False,single_reader_provisional,P-STATE-1,False,1,not_evaluable,C-1,[explicit] annual average temperature of MODIS,heatindex_days_above_105F,no_approved_mapping,incompatible,G-2,"[explicit] Bangalore city, India -> matched 'India'",state: California (inferred_candidate),explicit_place_outside_united_states,not_evaluable,T-3,"[explicit] 2001, 2011, and 2021",no year range in record: 'End-Century',claim_has_no_explicit_year_range,not_evaluable,U-1,[unknown] unknown,RCP8.5,claim_value_unknown,not_evaluable,D-1,[explicit] did not show any significant changes,increase,concept_not_comparable
LIT-001141-C5__P-CELL-1,LIT-001141-C5,mechanism,False,single_reader_provisional,P-CELL-1,False,1,not_evaluable,C-1,[explicit] increase in the temperature; increasing built-up and decreasing vegetation,fwi_seasonal_value,no_approved_mapping,incompatible,G-2,"[explicit] Bangalore city, India -> matched 'India'",cell: R106C361 (verified_from_dictionary),explicit_place_outside_united_states,not_evaluable,T-3,"[explicit] April months, 2001 to 2021 -> 2001-2021","future [2085, 2094]",claim_type_not_finding,not_evaluable,U-1,[unknown] unknown,RCP8.5,claim_value_unknown,not_evaluable,D-1,[explicit] could be well-attributed to (hedged),increase,concept_not_comparable
LIT-001141-C5__P-COUNTY-1,LIT-001141-C5,mechanism,False,single_reader_provisional,P-COUNTY-1,False,1,not_evaluable,C-1,[explicit] increase in the temperature; increasing built-up and decreasing vegetation,fwi_seasonal_value,no_approved_mapping,incompatible,G-2,"[explicit] Bangalore city, India -> matched 'India'","county: Oklahoma, Stephens (inferred_candidate)",explicit_place_outside_united_states,not_evaluable,T-3,"[explicit] April months, 2001 to 2021 -> 2001-2021","future [2085, 2094]",claim_type_not_finding,not_evaluable,U-1,[unknown] unknown,RCP8.5,claim_value_unknown,not_evaluable,D-1,[explicit] could be well-attributed to (hedged),increase,concept_not_comparable
LIT-001141-C5__P-STATE-1,LIT-001141-C5,mechanism,False,single_reader_provisional,P-STATE-1,False,1,not_evaluable,C-1,[explicit] increase in the temperature; increasing built-up and decreasing vegetation,heatindex_days_above_105F,no_approved_mapping,incompatible,G-2,"[explicit] Bangalore city, India -> matched 'India'",state: California (inferred_candidate),explicit_place_outside_united_states,not_evaluable,T-3,"[explicit] April months, 2001 to 2021 -> 2001-2021",no year range in record: 'End-Century',prototype_window_has_no_year_range,not_evaluable,U-1,[unknown] unknown,RCP8.5,claim_value_unknown,not_evaluable,D-1,[explicit] could be well-attributed to (hedged),increase,concept_not_comparable
LIT-001521-C1__P-CELL-1,LIT-001521-C1,finding,False,single_reader_provisional,P-CELL-1,False,0,not_evaluable,C-1,[explicit] exposure to laboratory-generated (simulated) wildfire smoke at an occupationally relevant dose,fwi_seasonal_value,no_approved_mapping,not_evaluable,U-1,[unknown] unknown,cell: R106C361 (verified_from_dictionary),claim_value_unknown,not_evaluable,T-3,"[explicit] 16 weeks of exposure (2 h/d, 5 d/wk)","future [2085, 2094]",claim_has_no_explicit_year_range,not_evaluable,U-1,[unknown] unknown,RCP8.5,claim_value_unknown,not_evaluable,D-1,"[explicit] robust changes; 2,862 differentially expressed genes (51.2% increased)",increase,concept_not_comparable
LIT-001521-C1__P-COUNTY-1,LIT-001521-C1,finding,False,single_reader_provisional,P-COUNTY-1,False,0,not_evaluable,C-1,[explicit] exposure to laboratory-generated (simulated) wildfire smoke at an occupationally relevant dose,fwi_seasonal_value,no_approved_mapping,not_evaluable,U-1,[unknown] unknown,"county: Oklahoma, Stephens (inferred_candidate)",claim_value_unknown,not_evaluable,T-3,"[explicit] 16 weeks of exposure (2 h/d, 5 d/wk)","future [2085, 2094]",claim_has_no_explicit_year_range,not_evaluable,U-1,[unknown] unknown,RCP8.5,claim_value_unknown,not_evaluable,D-1,"[explicit] robust changes; 2,862 differentially expressed genes (51.2% increased)",increase,concept_not_comparable
LIT-001521-C1__P-STATE-1,LIT-001521-C1,finding,False,single_reader_provisional,P-STATE-1,False,0,not_evaluable,C-1,[explicit] exposure to laboratory-generated (simulated) wildfire smoke at an occupationally relevant dose,heatindex_days_above_105F,no_approved_mapping,not_evaluable,U-1,[unknown] unknown,state: California (inferred_candidate),claim_value_unknown,not_evaluable,T-3,"[explicit] 16 weeks of exposure (2 h/d, 5 d/wk)",no year range in record: 'End-Century',claim_has_no_explicit_year_range,not_evaluable,U-1,[unknown] unknown,RCP8.5,claim_value_unknown,not_evaluable,D-1,"[explicit] robust changes; 2,862 differentially expressed genes (51.2% increased)",increase,concept_not_comparable
LIT-001521-C2__P-CELL-1,LIT-001521-C2,finding,False,single_reader_provisional,P-CELL-1,False,0,not_evaluable,C-1,[explicit] differentially expressed genes; enriched pathways,fwi_seasonal_value,no_approved_mapping,not_evaluable,U-1,[unknown] unknown,cell: R106C361 (verified_from_dictionary),claim_value_unknown,not_evaluable,T-3,"[explicit] 16 weeks of exposure (2 h/d, 5 d/wk)","future [2085, 2094]",claim_has_no_explicit_year_range,not_evaluable,U-1,[unknown] unknown,RCP8.5,claim_value_unknown,not_evaluable,D-1,"[explicit] enriched in synaptic transmission, neuroplasticity, blood-brain barrier integrity, neurotransmitter metabolism pathways",increase,concept_not_comparable
LIT-001521-C2__P-COUNTY-1,LIT-001521-C2,finding,False,single_reader_provisional,P-COUNTY-1,False,0,not_evaluable,C-1,[explicit] differentially expressed genes; enriched pathways,fwi_seasonal_value,no_approved_mapping,not_evaluable,U-1,[unknown] unknown,"county: Oklahoma, Stephens (inferred_candidate)",claim_value_unknown,not_evaluable,T-3,"[explicit] 16 weeks of exposure (2 h/d, 5 d/wk)","future [2085, 2094]",claim_has_no_explicit_year_range,not_evaluable,U-1,[unknown] unknown,RCP8.5,claim_value_unknown,not_evaluable,D-1,"[explicit] enriched in synaptic transmission, neuroplasticity, blood-brain barrier integrity, neurotransmitter metabolism pathways",increase,concept_not_comparable
LIT-001521-C2__P-STATE-1,LIT-001521-C2,finding,False,single_reader_provisional,P-STATE-1,False,0,not_evaluable,C-1,[explicit] differentially expressed genes; enriched pathways,heatindex_days_above_105F,no_approved_mapping,not_evaluable,U-1,[unknown] unknown,state: California (inferred_candidate),claim_value_unknown,not_evaluable,T-3,"[explicit] 16 weeks of exposure (2 h/d, 5 d/wk)",no year range in record: 'End-Century',claim_has_no_explicit_year_range,not_evaluable,U-1,[unknown] unknown,RCP8.5,claim_value_unknown,not_evaluable,D-1,"[explicit] enriched in synaptic transmission, neuroplasticity, blood-brain barrier integrity, neurotransmitter metabolism pathways",increase,concept_not_comparable
LIT-001521-C3__P-CELL-1,LIT-001521-C3,finding,False,single_reader_provisional,P-CELL-1,False,0,not_evaluable,C-1,[explicit] canonical neuroinflammatory pathways,fwi_seasonal_value,no_approved_mapping,not_evaluable,U-1,[unknown] unknown,cell: R106C361 (verified_from_dictionary),claim_value_unknown,not_evaluable,T-3,"[explicit] 16 weeks of exposure (2 h/d, 5 d/wk)","future [2085, 2094]",claim_has_no_explicit_year_range,not_evaluable,U-1,[unknown] unknown,RCP8.5,claim_value_unknown,not_evaluable,D-1,[explicit] no significant alterations ('did not appear'),increase,concept_not_comparable
LIT-001521-C3__P-COUNTY-1,LIT-001521-C3,finding,False,single_reader_provisional,P-COUNTY-1,False,0,not_evaluable,C-1,[explicit] canonical neuroinflammatory pathways,fwi_seasonal_value,no_approved_mapping,not_evaluable,U-1,[unknown] unknown,"county: Oklahoma, Stephens (inferred_candidate)",claim_value_unknown,not_evaluable,T-3,"[explicit] 16 weeks of exposure (2 h/d, 5 d/wk)","future [2085, 2094]",claim_has_no_explicit_year_range,not_evaluable,U-1,[unknown] unknown,RCP8.5,claim_value_unknown,not_evaluable,D-1,[explicit] no significant alterations ('did not appear'),increase,concept_not_comparable
LIT-001521-C3__P-STATE-1,LIT-001521-C3,finding,False,single_reader_provisional,P-STATE-1,False,0,not_evaluable,C-1,[explicit] canonical neuroinflammatory pathways,heatindex_days_above_105F,no_approved_mapping,not_evaluable,U-1,[unknown] unknown,state: California (inferred_candidate),claim_value_unknown,not_evaluable,T-3,"[explicit] 16 weeks of exposure (2 h/d, 5 d/wk)",no year range in record: 'End-Century',claim_has_no_explicit_year_range,not_evaluable,U-1,[unknown] unknown,RCP8.5,claim_value_unknown,not_evaluable,D-1,[explicit] no significant alterations ('did not appear'),increase,concept_not_comparable
LIT-001521-C4__P-CELL-1,LIT-001521-C4,background_citation,True,single_reader_provisional,P-CELL-1,False,0,not_evaluable,C-1,[explicit] wildfires; ambient air pollution,fwi_seasonal_value,no_approved_mapping,not_evaluable,G-3,[explicit] global / worldwide -> matched 'global',cell: R106C361 (verified_from_dictionary),named_scope_not_disjoint_from_united_states,not_evaluable,T-3,[explicit] present ('now'),"future [2085, 2094]",claim_has_no_explicit_year_range,not_evaluable,U-1,[unknown] unknown,RCP8.5,claim_value_unknown,not_evaluable,D-1,"[explicit] have become common, concurrent with warmer and drier climates; major contributors to air pollution",increase,concept_not_comparable
LIT-001521-C4__P-COUNTY-1,LIT-001521-C4,background_citation,True,single_reader_provisional,P-COUNTY-1,False,0,not_evaluable,C-1,[explicit] wildfires; ambient air pollution,fwi_seasonal_value,no_approved_mapping,not_evaluable,G-3,[explicit] global / worldwide -> matched 'global',"county: Oklahoma, Stephens (inferred_candidate)",named_scope_not_disjoint_from_united_states,not_evaluable,T-3,[explicit] present ('now'),"future [2085, 2094]",claim_has_no_explicit_year_range,not_evaluable,U-1,[unknown] unknown,RCP8.5,claim_value_unknown,not_evaluable,D-1,"[explicit] have become common, concurrent with warmer and drier climates; major contributors to air pollution",increase,concept_not_comparable
LIT-001521-C4__P-STATE-1,LIT-001521-C4,background_citation,True,single_reader_provisional,P-STATE-1,False,0,not_evaluable,C-1,[explicit] wildfires; ambient air pollution,heatindex_days_above_105F,no_approved_mapping,not_evaluable,G-3,[explicit] global / worldwide -> matched 'global',state: California (inferred_candidate),named_scope_not_disjoint_from_united_states,not_evaluable,T-3,[explicit] present ('now'),no year range in record: 'End-Century',claim_has_no_explicit_year_range,not_evaluable,U-1,[unknown] unknown,RCP8.5,claim_value_unknown,not_evaluable,D-1,"[explicit] have become common, concurrent with warmer and drier climates; major contributors to air pollution",increase,concept_not_comparable
LIT-001711-C1__P-CELL-1,LIT-001711-C1,finding,False,single_reader_provisional,P-CELL-1,False,2,not_evaluable,C-1,[explicit] severe and intense regional rainfall events; sequence of recharge events; surface water expression,fwi_seasonal_value,no_approved_mapping,incompatible,G-2,"[explicit] Fortescue Marsh floodplain, upper Fortescue River catchment, semi-arid northwest Australia -> matched 'Australia'",cell: R106C361 (verified_from_dictionary),explicit_place_outside_united_states,incompatible,T-2,[explicit] model calibrated on 1988-2012 satellite observations -> 1988-2012,"future [2085, 2094]",historical_finding_ends_before_2045,not_evaluable,U-1,[unknown] unknown,RCP8.5,claim_value_unknown,not_evaluable,D-1,[explicit] determine,increase,concept_not_comparable
LIT-001711-C1__P-COUNTY-1,LIT-001711-C1,finding,False,single_reader_provisional,P-COUNTY-1,False,2,not_evaluable,C-1,[explicit] severe and intense regional rainfall events; sequence of recharge events; surface water expression,fwi_seasonal_value,no_approved_mapping,incompatible,G-2,"[explicit] Fortescue Marsh floodplain, upper Fortescue River catchment, semi-arid northwest Australia -> matched 'Australia'","county: Oklahoma, Stephens (inferred_candidate)",explicit_place_outside_united_states,incompatible,T-2,[explicit] model calibrated on 1988-2012 satellite observations -> 1988-2012,"future [2085, 2094]",historical_finding_ends_before_2045,not_evaluable,U-1,[unknown] unknown,RCP8.5,claim_value_unknown,not_evaluable,D-1,[explicit] determine,increase,concept_not_comparable
LIT-001711-C1__P-STATE-1,LIT-001711-C1,finding,False,single_reader_provisional,P-STATE-1,False,1,not_evaluable,C-1,[explicit] severe and intense regional rainfall events; sequence of recharge events; surface water expression,heatindex_days_above_105F,no_approved_mapping,incompatible,G-2,"[explicit] Fortescue Marsh floodplain, upper Fortescue River catchment, semi-arid northwest Australia -> matched 'Australia'",state: California (inferred_candidate),explicit_place_outside_united_states,not_evaluable,T-3,[explicit] model calibrated on 1988-2012 satellite observations -> 1988-2012,no year range in record: 'End-Century',prototype_window_has_no_year_range,not_evaluable,U-1,[unknown] unknown,RCP8.5,claim_value_unknown,not_evaluable,D-1,[explicit] determine,increase,concept_not_comparable
LIT-001711-C2__P-CELL-1,LIT-001711-C2,finding,False,single_reader_provisional,P-CELL-1,False,1,not_evaluable,C-1,[explicit] inundation,fwi_seasonal_value,no_approved_mapping,incompatible,G-2,"[explicit] Fortescue Marsh floodplain, upper Fortescue River catchment, semi-arid northwest Australia -> matched 'Australia'",cell: R106C361 (verified_from_dictionary),explicit_place_outside_united_states,not_evaluable,T-3,[explicit] last century (reconstruction since 1912),"future [2085, 2094]",claim_has_no_explicit_year_range,not_evaluable,U-1,[unknown] unknown,RCP8.5,claim_value_unknown,not_evaluable,D-1,[explicit] most severe (~1000 km2) in 2000,increase,concept_not_comparable
LIT-001711-C2__P-COUNTY-1,LIT-001711-C2,finding,False,single_reader_provisional,P-COUNTY-1,False,1,not_evaluable,C-1,[explicit] inundation,fwi_seasonal_value,no_approved_mapping,incompatible,G-2,"[explicit] Fortescue Marsh floodplain, upper Fortescue River catchment, semi-arid northwest Australia -> matched 'Australia'","county: Oklahoma, Stephens (inferred_candidate)",explicit_place_outside_united_states,not_evaluable,T-3,[explicit] last century (reconstruction since 1912),"future [2085, 2094]",claim_has_no_explicit_year_range,not_evaluable,U-1,[unknown] unknown,RCP8.5,claim_value_unknown,not_evaluable,D-1,[explicit] most severe (~1000 km2) in 2000,increase,concept_not_comparable
LIT-001711-C2__P-STATE-1,LIT-001711-C2,finding,False,single_reader_provisional,P-STATE-1,False,1,not_evaluable,C-1,[explicit] inundation,heatindex_days_above_105F,no_approved_mapping,incompatible,G-2,"[explicit] Fortescue Marsh floodplain, upper Fortescue River catchment, semi-arid northwest Australia -> matched 'Australia'",state: California (inferred_candidate),explicit_place_outside_united_states,not_evaluable,T-3,[explicit] last century (reconstruction since 1912),no year range in record: 'End-Century',claim_has_no_explicit_year_range,not_evaluable,U-1,[unknown] unknown,RCP8.5,claim_value_unknown,not_evaluable,D-1,[explicit] most severe (~1000 km2) in 2000,increase,concept_not_comparable
LIT-001711-C3__P-CELL-1,LIT-001711-C3,finding,False,single_reader_provisional,P-CELL-1,False,2,not_evaluable,C-1,"[explicit] duration, severity and frequency of inundations",fwi_seasonal_value,no_approved_mapping,incompatible,G-2,"[explicit] Fortescue Marsh floodplain, upper Fortescue River catchment, semi-arid northwest Australia -> matched 'Australia'",cell: R106C361 (verified_from_dictionary),explicit_place_outside_united_states,incompatible,T-2,"[explicit] 1999-2006, compared with the last century -> 1999-2006","future [2085, 2094]",historical_finding_ends_before_2045,not_evaluable,U-1,[unknown] unknown,RCP8.5,claim_value_unknown,not_evaluable,D-1,[explicit] above average and unprecedented,increase,concept_not_comparable
LIT-001711-C3__P-COUNTY-1,LIT-001711-C3,finding,False,single_reader_provisional,P-COUNTY-1,False,2,not_evaluable,C-1,"[explicit] duration, severity and frequency of inundations",fwi_seasonal_value,no_approved_mapping,incompatible,G-2,"[explicit] Fortescue Marsh floodplain, upper Fortescue River catchment, semi-arid northwest Australia -> matched 'Australia'","county: Oklahoma, Stephens (inferred_candidate)",explicit_place_outside_united_states,incompatible,T-2,"[explicit] 1999-2006, compared with the last century -> 1999-2006","future [2085, 2094]",historical_finding_ends_before_2045,not_evaluable,U-1,[unknown] unknown,RCP8.5,claim_value_unknown,not_evaluable,D-1,[explicit] above average and unprecedented,increase,concept_not_comparable
LIT-001711-C3__P-STATE-1,LIT-001711-C3,finding,False,single_reader_provisional,P-STATE-1,False,1,not_evaluable,C-1,"[explicit] duration, severity and frequency of inundations",heatindex_days_above_105F,no_approved_mapping,incompatible,G-2,"[explicit] Fortescue Marsh floodplain, upper Fortescue River catchment, semi-arid northwest Australia -> matched 'Australia'",state: California (inferred_candidate),explicit_place_outside_united_states,not_evaluable,T-3,"[explicit] 1999-2006, compared with the last century -> 1999-2006",no year range in record: 'End-Century',prototype_window_has_no_year_range,not_evaluable,U-1,[unknown] unknown,RCP8.5,claim_value_unknown,not_evaluable,D-1,[explicit] above average and unprecedented,increase,concept_not_comparable
LIT-001711-C4__P-CELL-1,LIT-001711-C4,projection,False,single_reader_provisional,P-CELL-1,False,1,not_evaluable,C-1,[explicit] wetland persistence; frequency and intensity of extreme rainfall events,fwi_seasonal_value,no_approved_mapping,incompatible,G-2,"[explicit] Fortescue Marsh floodplain, upper Fortescue River catchment, semi-arid northwest Australia -> matched 'Australia'",cell: R106C361 (verified_from_dictionary),explicit_place_outside_united_states,not_evaluable,U-1,[unknown] unknown,"future [2085, 2094]",claim_value_unknown,not_evaluable,U-1,[unknown] unknown,RCP8.5,claim_value_unknown,not_evaluable,D-1,[explicit] will become more persistent (hedged: 'suggest'),increase,concept_not_comparable
LIT-001711-C4__P-COUNTY-1,LIT-001711-C4,projection,False,single_reader_provisional,P-COUNTY-1,False,1,not_evaluable,C-1,[explicit] wetland persistence; frequency and intensity of extreme rainfall events,fwi_seasonal_value,no_approved_mapping,incompatible,G-2,"[explicit] Fortescue Marsh floodplain, upper Fortescue River catchment, semi-arid northwest Australia -> matched 'Australia'","county: Oklahoma, Stephens (inferred_candidate)",explicit_place_outside_united_states,not_evaluable,U-1,[unknown] unknown,"future [2085, 2094]",claim_value_unknown,not_evaluable,U-1,[unknown] unknown,RCP8.5,claim_value_unknown,not_evaluable,D-1,[explicit] will become more persistent (hedged: 'suggest'),increase,concept_not_comparable
LIT-001711-C4__P-STATE-1,LIT-001711-C4,projection,False,single_reader_provisional,P-STATE-1,False,1,not_evaluable,C-1,[explicit] wetland persistence; frequency and intensity of extreme rainfall events,heatindex_days_above_105F,no_approved_mapping,incompatible,G-2,"[explicit] Fortescue Marsh floodplain, upper Fortescue River catchment, semi-arid northwest Australia -> matched 'Australia'",state: California (inferred_candidate),explicit_place_outside_united_states,not_evaluable,U-1,[unknown] unknown,no year range in record: 'End-Century',claim_value_unknown,not_evaluable,U-1,[unknown] unknown,RCP8.5,claim_value_unknown,not_evaluable,D-1,[explicit] will become more persistent (hedged: 'suggest'),increase,concept_not_comparable
LIT-001711-C5__P-CELL-1,LIT-001711-C5,finding,False,single_reader_provisional,P-CELL-1,False,2,not_evaluable,C-1,[explicit] extended drought periods (no surface water evident),fwi_seasonal_value,no_approved_mapping,incompatible,G-2,"[explicit] Fortescue Marsh floodplain, upper Fortescue River catchment, semi-arid northwest Australia -> matched 'Australia'",cell: R106C361 (verified_from_dictionary),explicit_place_outside_united_states,incompatible,T-2,[explicit] late 1930s to early 1960s; 1961-1965 -> 1961-1965,"future [2085, 2094]",historical_finding_ends_before_2045,not_evaluable,U-1,[unknown] unknown,RCP8.5,claim_value_unknown,not_evaluable,D-1,[explicit] more frequent late 1930s-early 1960s; longest 4.3 years,increase,concept_not_comparable
LIT-001711-C5__P-COUNTY-1,LIT-001711-C5,finding,False,single_reader_provisional,P-COUNTY-1,False,2,not_evaluable,C-1,[explicit] extended drought periods (no surface water evident),fwi_seasonal_value,no_approved_mapping,incompatible,G-2,"[explicit] Fortescue Marsh floodplain, upper Fortescue River catchment, semi-arid northwest Australia -> matched 'Australia'","county: Oklahoma, Stephens (inferred_candidate)",explicit_place_outside_united_states,incompatible,T-2,[explicit] late 1930s to early 1960s; 1961-1965 -> 1961-1965,"future [2085, 2094]",historical_finding_ends_before_2045,not_evaluable,U-1,[unknown] unknown,RCP8.5,claim_value_unknown,not_evaluable,D-1,[explicit] more frequent late 1930s-early 1960s; longest 4.3 years,increase,concept_not_comparable
LIT-001711-C5__P-STATE-1,LIT-001711-C5,finding,False,single_reader_provisional,P-STATE-1,False,1,not_evaluable,C-1,[explicit] extended drought periods (no surface water evident),heatindex_days_above_105F,no_approved_mapping,incompatible,G-2,"[explicit] Fortescue Marsh floodplain, upper Fortescue River catchment, semi-arid northwest Australia -> matched 'Australia'",state: California (inferred_candidate),explicit_place_outside_united_states,not_evaluable,T-3,[explicit] late 1930s to early 1960s; 1961-1965 -> 1961-1965,no year range in record: 'End-Century',prototype_window_has_no_year_range,not_evaluable,U-1,[unknown] unknown,RCP8.5,claim_value_unknown,not_evaluable,D-1,[explicit] more frequent late 1930s-early 1960s; longest 4.3 years,increase,concept_not_comparable
